id,array,,,,,,,,,,,,,,,,,,,,,,,,,,,
1,0,1,,,,,,,,,,,,,,,,,,,,,,,,,,
,1,0,,,,,,,,,,,,,,,,,,,,,,,,,,
,2,1,,,,,,,,,,,,,,,,,,,,,,,,,,
,0,0,,,,,,,,,,,,,,,,,,,,,,,,,,
,1,1,,,,,,,,,,,,,,,,,,,,,,,,,,
,2,0,,,,,,,,,,,,,,,,,,,,,,,,,,
2,0,0,0,0,0,,,,,,,,,,,,,,,,,,,,,,,
,1,1,1,1,0,,,,,,,,,,,,,,,,,,,,,,,
,0,0,1,1,1,,,,,,,,,,,,,,,,,,,,,,,
,1,1,0,0,1,,,,,,,,,,,,,,,,,,,,,,,
,0,1,0,1,2,,,,,,,,,,,,,,,,,,,,,,,
,1,0,1,0,2,,,,,,,,,,,,,,,,,,,,,,,
,0,1,1,0,3,,,,,,,,,,,,,,,,,,,,,,,
,1,0,0,1,3,,,,,,,,,,,,,,,,,,,,,,,
3,0,0,1,1,1,1,1,,,,,,,,,,,,,,,,,,,,,
,1,1,0,0,0,1,0,,,,,,,,,,,,,,,,,,,,,
,2,0,1,0,0,0,1,,,,,,,,,,,,,,,,,,,,,
,3,1,1,1,0,0,0,,,,,,,,,,,,,,,,,,,,,
,4,0,1,1,1,0,0,,,,,,,,,,,,,,,,,,,,,
,0,1,0,1,1,1,0,,,,,,,,,,,,,,,,,,,,,
,1,0,1,0,1,1,1,,,,,,,,,,,,,,,,,,,,,
,2,1,0,1,0,1,1,,,,,,,,,,,,,,,,,,,,,
,3,0,0,0,1,0,1,,,,,,,,,,,,,,,,,,,,,
,4,1,1,0,0,1,0,,,,,,,,,,,,,,,,,,,,,
4,0,0,0,0,0,,,,,,,,,,,,,,,,,,,,,,,
,0,1,0,1,0,,,,,,,,,,,,,,,,,,,,,,,
,1,0,1,0,0,,,,,,,,,,,,,,,,,,,,,,,
,1,1,1,1,0,,,,,,,,,,,,,,,,,,,,,,,
,0,0,1,1,1,,,,,,,,,,,,,,,,,,,,,,,
,0,1,1,0,1,,,,,,,,,,,,,,,,,,,,,,,
,1,0,0,0,1,,,,,,,,,,,,,,,,,,,,,,,
,1,1,0,1,1,,,,,,,,,,,,,,,,,,,,,,,
,0,0,1,1,2,,,,,,,,,,,,,,,,,,,,,,,
,0,1,0,0,2,,,,,,,,,,,,,,,,,,,,,,,
,1,0,0,1,2,,,,,,,,,,,,,,,,,,,,,,,
,1,1,1,0,2,,,,,,,,,,,,,,,,,,,,,,,
5,0,0,0,,,,,,,,,,,,,,,,,,,,,,,,,
,0,0,1,,,,,,,,,,,,,,,,,,,,,,,,,
,0,0,2,,,,,,,,,,,,,,,,,,,,,,,,,
,0,1,3,,,,,,,,,,,,,,,,,,,,,,,,,
,0,1,4,,,,,,,,,,,,,,,,,,,,,,,,,
,0,1,5,,,,,,,,,,,,,,,,,,,,,,,,,
,1,1,0,,,,,,,,,,,,,,,,,,,,,,,,,
,1,1,1,,,,,,,,,,,,,,,,,,,,,,,,,
,1,1,2,,,,,,,,,,,,,,,,,,,,,,,,,
,1,0,3,,,,,,,,,,,,,,,,,,,,,,,,,
,1,0,4,,,,,,,,,,,,,,,,,,,,,,,,,
,1,0,5,,,,,,,,,,,,,,,,,,,,,,,,,
6,0,0,,,,,,,,,,,,,,,,,,,,,,,,,,
,1,1,,,,,,,,,,,,,,,,,,,,,,,,,,
,2,2,,,,,,,,,,,,,,,,,,,,,,,,,,
,3,0,,,,,,,,,,,,,,,,,,,,,,,,,,
,0,1,,,,,,,,,,,,,,,,,,,,,,,,,,
,1,2,,,,,,,,,,,,,,,,,,,,,,,,,,
,2,0,,,,,,,,,,,,,,,,,,,,,,,,,,
,3,1,,,,,,,,,,,,,,,,,,,,,,,,,,
,0,2,,,,,,,,,,,,,,,,,,,,,,,,,,
,1,0,,,,,,,,,,,,,,,,,,,,,,,,,,
,2,1,,,,,,,,,,,,,,,,,,,,,,,,,,
,3,2,,,,,,,,,,,,,,,,,,,,,,,,,,
7,0,0,,,,,,,,,,,,,,,,,,,,,,,,,,
,1,1,,,,,,,,,,,,,,,,,,,,,,,,,,
,2,0,,,,,,,,,,,,,,,,,,,,,,,,,,
,3,1,,,,,,,,,,,,,,,,,,,,,,,,,,
,4,0,,,,,,,,,,,,,,,,,,,,,,,,,,
,5,1,,,,,,,,,,,,,,,,,,,,,,,,,,
,6,0,,,,,,,,,,,,,,,,,,,,,,,,,,
,0,1,,,,,,,,,,,,,,,,,,,,,,,,,,
,1,0,,,,,,,,,,,,,,,,,,,,,,,,,,
,2,1,,,,,,,,,,,,,,,,,,,,,,,,,,
,3,0,,,,,,,,,,,,,,,,,,,,,,,,,,
,4,1,,,,,,,,,,,,,,,,,,,,,,,,,,
,5,0,,,,,,,,,,,,,,,,,,,,,,,,,,
,6,1,,,,,,,,,,,,,,,,,,,,,,,,,,
8,0,0,,,,,,,,,,,,,,,,,,,,,,,,,,
,1,1,,,,,,,,,,,,,,,,,,,,,,,,,,
,2,2,,,,,,,,,,,,,,,,,,,,,,,,,,
,3,0,,,,,,,,,,,,,,,,,,,,,,,,,,
,4,1,,,,,,,,,,,,,,,,,,,,,,,,,,
,0,2,,,,,,,,,,,,,,,,,,,,,,,,,,
,1,0,,,,,,,,,,,,,,,,,,,,,,,,,,
,2,1,,,,,,,,,,,,,,,,,,,,,,,,,,
,3,2,,,,,,,,,,,,,,,,,,,,,,,,,,
,4,0,,,,,,,,,,,,,,,,,,,,,,,,,,
,0,1,,,,,,,,,,,,,,,,,,,,,,,,,,
,1,2,,,,,,,,,,,,,,,,,,,,,,,,,,
,2,0,,,,,,,,,,,,,,,,,,,,,,,,,,
,3,1,,,,,,,,,,,,,,,,,,,,,,,,,,
,4,2,,,,,,,,,,,,,,,,,,,,,,,,,,
9,0,0,0,0,0,0,0,0,0,,,,,,,,,,,,,,,,,,,
,1,1,0,1,0,1,0,2,2,,,,,,,,,,,,,,,,,,,
,0,1,1,1,1,0,2,0,2,,,,,,,,,,,,,,,,,,,
,1,0,1,0,1,1,2,2,0,,,,,,,,,,,,,,,,,,,
,0,0,1,1,1,1,0,3,3,,,,,,,,,,,,,,,,,,,
,1,1,1,0,1,0,0,1,1,,,,,,,,,,,,,,,,,,,
,0,1,0,0,0,1,2,3,1,,,,,,,,,,,,,,,,,,,
,1,0,0,1,0,0,2,1,3,,,,,,,,,,,,,,,,,,,
,1,1,0,0,1,1,3,0,3,,,,,,,,,,,,,,,,,,,
,0,0,0,1,1,0,3,2,1,,,,,,,,,,,,,,,,,,,
,1,0,1,1,0,1,1,0,1,,,,,,,,,,,,,,,,,,,
,0,1,1,0,0,0,1,2,3,,,,,,,,,,,,,,,,,,,
,1,1,1,1,0,0,3,3,0,,,,,,,,,,,,,,,,,,,
,0,0,1,0,0,1,3,1,2,,,,,,,,,,,,,,,,,,,
,1,0,0,0,1,0,1,3,2,,,,,,,,,,,,,,,,,,,
,0,1,0,1,1,1,1,1,0,,,,,,,,,,,,,,,,,,,
10,0,0,0,0,0,0,0,,,,,,,,,,,,,,,,,,,,,
,0,1,2,2,0,1,1,,,,,,,,,,,,,,,,,,,,,
,0,2,1,2,1,0,2,,,,,,,,,,,,,,,,,,,,,
,0,1,1,0,2,2,3,,,,,,,,,,,,,,,,,,,,,
,0,2,0,1,2,1,4,,,,,,,,,,,,,,,,,,,,,
,0,0,2,1,1,2,5,,,,,,,,,,,,,,,,,,,,,
,1,1,1,1,1,1,0,,,,,,,,,,,,,,,,,,,,,
,1,2,0,0,1,2,1,,,,,,,,,,,,,,,,,,,,,
,1,0,2,0,2,1,2,,,,,,,,,,,,,,,,,,,,,
,1,2,2,1,0,0,3,,,,,,,,,,,,,,,,,,,,,
,1,0,1,2,0,2,4,,,,,,,,,,,,,,,,,,,,,
,1,1,0,2,2,0,5,,,,,,,,,,,,,,,,,,,,,
,2,2,2,2,2,2,0,,,,,,,,,,,,,,,,,,,,,
,2,0,1,1,2,0,1,,,,,,,,,,,,,,,,,,,,,
,2,1,0,1,0,2,2,,,,,,,,,,,,,,,,,,,,,
,2,0,0,2,1,1,3,,,,,,,,,,,,,,,,,,,,,
,2,1,2,0,1,0,4,,,,,,,,,,,,,,,,,,,,,
,2,2,1,0,0,1,5,,,,,,,,,,,,,,,,,,,,,
11,0,0,0,0,0,0,0,0,0,,,,,,,,,,,,,,,,,,,
,0,1,1,1,1,0,1,1,0,,,,,,,,,,,,,,,,,,,
,1,0,1,0,0,1,1,1,0,,,,,,,,,,,,,,,,,,,
,1,1,0,1,1,1,0,0,0,,,,,,,,,,,,,,,,,,,
,0,0,0,1,1,0,1,1,1,,,,,,,,,,,,,,,,,,,
,0,1,0,0,0,1,1,0,1,,,,,,,,,,,,,,,,,,,
,1,0,1,0,1,0,0,0,1,,,,,,,,,,,,,,,,,,,
,1,1,1,1,0,1,0,1,1,,,,,,,,,,,,,,,,,,,
,0,0,1,0,1,1,1,1,2,,,,,,,,,,,,,,,,,,,
,0,1,1,0,0,0,0,0,2,,,,,,,,,,,,,,,,,,,
,1,0,0,1,0,1,0,1,2,,,,,,,,,,,,,,,,,,,
,1,1,0,1,1,0,1,0,2,,,,,,,,,,,,,,,,,,,
,0,0,0,1,0,1,1,0,3,,,,,,,,,,,,,,,,,,,
,0,1,1,1,0,0,0,1,3,,,,,,,,,,,,,,,,,,,
,1,0,0,0,1,0,0,1,3,,,,,,,,,,,,,,,,,,,
,1,1,1,0,1,1,1,0,3,,,,,,,,,,,,,,,,,,,
,0,0,1,1,1,1,0,0,4,,,,,,,,,,,,,,,,,,,
,0,1,0,0,1,1,0,1,4,,,,,,,,,,,,,,,,,,,
,1,0,1,1,0,0,1,0,4,,,,,,,,,,,,,,,,,,,
,1,1,0,0,0,0,1,1,4,,,,,,,,,,,,,,,,,,,
12,0,0,0,,,,,,,,,,,,,,,,,,,,,,,,,
,0,1,1,,,,,,,,,,,,,,,,,,,,,,,,,
,1,0,0,,,,,,,,,,,,,,,,,,,,,,,,,
,1,1,1,,,,,,,,,,,,,,,,,,,,,,,,,
,2,0,0,,,,,,,,,,,,,,,,,,,,,,,,,
,2,1,1,,,,,,,,,,,,,,,,,,,,,,,,,
,3,0,0,,,,,,,,,,,,,,,,,,,,,,,,,
,3,1,1,,,,,,,,,,,,,,,,,,,,,,,,,
,4,0,0,,,,,,,,,,,,,,,,,,,,,,,,,
,4,1,1,,,,,,,,,,,,,,,,,,,,,,,,,
,5,0,1,,,,,,,,,,,,,,,,,,,,,,,,,
,5,1,0,,,,,,,,,,,,,,,,,,,,,,,,,
,6,0,1,,,,,,,,,,,,,,,,,,,,,,,,,
,6,1,0,,,,,,,,,,,,,,,,,,,,,,,,,
,7,0,1,,,,,,,,,,,,,,,,,,,,,,,,,
,7,1,0,,,,,,,,,,,,,,,,,,,,,,,,,
,8,0,1,,,,,,,,,,,,,,,,,,,,,,,,,
,8,1,0,,,,,,,,,,,,,,,,,,,,,,,,,
,9,0,1,,,,,,,,,,,,,,,,,,,,,,,,,
,9,1,0,,,,,,,,,,,,,,,,,,,,,,,,,
13,0,0,0,0,0,0,0,0,0,0,0,0,0,0,0,,,,,,,,,,,,,
,0,0,0,1,1,0,0,1,1,1,0,1,0,1,1,,,,,,,,,,,,,
,0,2,0,1,0,1,0,0,1,1,1,0,1,0,0,,,,,,,,,,,,,
,0,2,0,0,1,0,1,0,0,1,1,1,1,1,1,,,,,,,,,,,,,
,1,1,0,1,1,1,0,0,0,0,1,1,0,0,1,,,,,,,,,,,,,
,1,2,0,1,0,1,1,1,0,0,0,1,0,1,0,,,,,,,,,,,,,
,1,3,0,1,1,0,1,0,1,0,0,0,1,0,0,,,,,,,,,,,,,
,1,3,0,0,1,1,0,1,0,1,0,0,1,1,1,,,,,,,,,,,,,
,2,0,0,0,1,1,1,1,1,0,1,0,0,0,1,,,,,,,,,,,,,
,2,1,0,0,0,1,1,0,1,1,0,1,0,1,0,,,,,,,,,,,,,
,2,1,0,1,0,0,1,1,0,1,1,0,1,0,1,,,,,,,,,,,,,
,2,3,0,0,0,0,0,1,1,0,1,1,1,1,0,,,,,,,,,,,,,
,0,3,1,1,1,1,1,1,1,1,1,1,0,0,0,,,,,,,,,,,,,
,0,3,1,0,0,1,1,0,0,0,1,0,0,1,1,,,,,,,,,,,,,
,0,1,1,0,1,0,1,1,0,0,0,1,1,0,0,,,,,,,,,,,,,
,0,1,1,1,0,1,0,1,1,0,0,0,1,1,1,,,,,,,,,,,,,
,1,2,1,0,0,0,1,1,1,1,0,0,0,0,1,,,,,,,,,,,,,
,1,1,1,0,1,0,0,0,1,1,1,0,0,1,0,,,,,,,,,,,,,
,1,0,1,0,0,1,0,1,0,1,1,1,1,0,0,,,,,,,,,,,,,
,1,0,1,1,0,0,1,0,1,0,1,1,1,1,1,,,,,,,,,,,,,
,2,3,1,1,0,0,0,0,0,1,0,1,0,0,1,,,,,,,,,,,,,
,2,2,1,1,1,0,0,1,0,0,1,0,0,1,0,,,,,,,,,,,,,
,2,2,1,0,1,1,0,0,1,0,0,1,1,0,1,,,,,,,,,,,,,
,2,0,1,1,1,1,1,0,0,1,0,0,1,1,0,,,,,,,,,,,,,
14,0,0,0,0,0,0,0,0,0,0,0,0,0,,,,,,,,,,,,,,,
,0,0,0,0,0,0,1,1,1,1,1,1,0,,,,,,,,,,,,,,,
,1,1,1,1,1,1,0,0,0,0,0,0,0,,,,,,,,,,,,,,,
,1,1,1,1,1,1,1,1,1,1,1,1,0,,,,,,,,,,,,,,,
,0,1,0,0,1,1,0,0,1,1,1,0,1,,,,,,,,,,,,,,,
,0,1,1,1,0,0,1,1,0,0,0,1,1,,,,,,,,,,,,,,,
,1,0,0,1,1,0,1,1,1,0,1,0,1,,,,,,,,,,,,,,,
,1,0,1,0,0,1,0,0,0,1,0,1,1,,,,,,,,,,,,,,,
,0,0,1,1,1,1,1,0,0,1,1,0,2,,,,,,,,,,,,,,,
,0,1,1,0,1,0,0,1,0,0,1,1,2,,,,,,,,,,,,,,,
,1,1,0,0,0,0,0,1,1,1,0,0,2,,,,,,,,,,,,,,,
,1,0,0,1,0,1,1,0,1,0,0,1,2,,,,,,,,,,,,,,,
,0,1,1,1,0,0,0,0,1,1,1,0,3,,,,,,,,,,,,,,,
,0,0,0,1,1,0,1,0,0,1,0,1,3,,,,,,,,,,,,,,,
,1,1,1,0,0,1,1,1,1,0,0,0,3,,,,,,,,,,,,,,,
,1,0,0,0,1,1,0,1,0,0,1,1,3,,,,,,,,,,,,,,,
,0,0,0,1,1,1,0,1,1,0,0,0,4,,,,,,,,,,,,,,,
,0,1,1,0,1,0,1,0,1,0,0,1,4,,,,,,,,,,,,,,,
,1,0,1,1,0,0,0,1,0,1,1,0,4,,,,,,,,,,,,,,,
,1,1,0,0,0,1,1,0,0,1,1,1,4,,,,,,,,,,,,,,,
,0,0,1,0,0,1,1,0,1,0,1,0,5,,,,,,,,,,,,,,,
,0,1,0,1,0,1,0,1,0,0,1,1,5,,,,,,,,,,,,,,,
,1,0,1,0,1,0,1,1,0,1,0,0,5,,,,,,,,,,,,,,,
,1,1,0,1,1,0,0,0,1,1,0,1,5,,,,,,,,,,,,,,,
,0,1,0,1,0,1,1,1,0,1,0,0,6,,,,,,,,,,,,,,,
,0,0,1,0,1,1,0,1,1,1,0,1,6,,,,,,,,,,,,,,,
,1,1,0,0,1,0,1,0,0,0,1,0,6,,,,,,,,,,,,,,,
,1,0,1,1,0,0,0,0,1,0,1,1,6,,,,,,,,,,,,,,,
15,0,0,0,,,,,,,,,,,,,,,,,,,,,,,,,
,0,1,1,,,,,,,,,,,,,,,,,,,,,,,,,
,1,0,0,,,,,,,,,,,,,,,,,,,,,,,,,
,1,1,1,,,,,,,,,,,,,,,,,,,,,,,,,
,2,0,0,,,,,,,,,,,,,,,,,,,,,,,,,
,2,1,1,,,,,,,,,,,,,,,,,,,,,,,,,
,3,0,0,,,,,,,,,,,,,,,,,,,,,,,,,
,3,1,1,,,,,,,,,,,,,,,,,,,,,,,,,
,4,0,0,,,,,,,,,,,,,,,,,,,,,,,,,
,4,1,1,,,,,,,,,,,,,,,,,,,,,,,,,
,5,0,0,,,,,,,,,,,,,,,,,,,,,,,,,
,5,1,1,,,,,,,,,,,,,,,,,,,,,,,,,
,6,0,0,,,,,,,,,,,,,,,,,,,,,,,,,
,6,1,1,,,,,,,,,,,,,,,,,,,,,,,,,
,7,0,1,,,,,,,,,,,,,,,,,,,,,,,,,
,7,1,0,,,,,,,,,,,,,,,,,,,,,,,,,
,8,0,1,,,,,,,,,,,,,,,,,,,,,,,,,
,8,1,0,,,,,,,,,,,,,,,,,,,,,,,,,
,9,0,1,,,,,,,,,,,,,,,,,,,,,,,,,
,9,1,0,,,,,,,,,,,,,,,,,,,,,,,,,
,10,0,1,,,,,,,,,,,,,,,,,,,,,,,,,
,10,1,0,,,,,,,,,,,,,,,,,,,,,,,,,
,11,0,1,,,,,,,,,,,,,,,,,,,,,,,,,
,11,1,0,,,,,,,,,,,,,,,,,,,,,,,,,
,12,0,1,,,,,,,,,,,,,,,,,,,,,,,,,
,12,1,0,,,,,,,,,,,,,,,,,,,,,,,,,
,13,0,1,,,,,,,,,,,,,,,,,,,,,,,,,
,13,1,0,,,,,,,,,,,,,,,,,,,,,,,,,
18,0,0,0,0,0,0,0,0,0,0,0,0,0,0,0,0,0,0,0,0,0,0,0,0,0,0,0,0
,1,0,0,0,1,1,1,0,1,0,1,0,0,0,1,1,1,0,1,0,1,0,0,0,1,1,1,0
,1,0,1,0,0,0,1,1,1,1,0,0,0,1,1,1,0,1,0,1,0,0,0,1,1,1,0,0
,0,1,0,0,0,1,1,1,0,1,0,1,0,0,0,1,1,1,1,0,0,0,1,1,1,0,1,0
,0,0,0,0,0,0,0,0,0,1,1,1,0,1,1,0,1,0,1,1,1,0,1,1,0,1,0,1
,1,0,0,0,1,1,1,0,1,0,1,1,0,1,0,0,0,1,1,1,0,1,1,0,1,0,0,1
,1,0,1,0,0,0,1,1,1,1,1,0,1,0,0,0,1,1,0,1,1,0,1,0,0,0,1,1
,0,1,0,0,0,1,1,1,0,1,1,0,1,1,0,1,0,0,1,1,0,1,0,0,0,1,1,1
,0,0,0,0,0,0,0,0,0,0,1,1,1,0,1,1,0,1,0,1,1,1,0,1,1,0,1,2
,1,0,0,0,1,1,1,0,1,1,0,1,1,0,1,0,0,0,0,0,0,1,1,1,0,1,1,2
,1,0,1,0,0,0,1,1,1,0,0,1,1,1,0,1,1,0,1,0,1,1,0,1,0,0,0,2
,0,1,0,0,0,1,1,1,0,0,0,0,1,1,1,0,1,1,0,0,1,1,1,0,1,1,0,2
,1,1,1,0,1,1,0,1,0,0,0,0,0,0,0,0,0,0,0,1,1,1,0,1,1,0,1,1
,1,1,0,1,0,0,0,1,1,0,1,0,0,0,1,1,1,0,0,0,0,1,1,1,0,1,1,1
,1,1,0,1,1,0,1,0,0,1,0,0,0,1,1,1,0,1,1,0,1,1,0,1,0,0,0,1
,0,1,1,0,1,0,0,0,1,1,0,1,0,0,0,1,1,1,0,0,1,1,1,0,1,1,0,1
,1,1,1,0,1,1,0,1,0,1,1,1,0,1,1,0,1,0,0,0,0,0,0,0,0,0,0,2
,1,1,0,1,0,0,0,1,1,0,1,1,0,1,0,0,0,1,1,0,1,0,0,0,1,1,1,2
,1,1,0,1,1,0,1,0,0,1,1,0,1,0,0,0,1,1,0,1,0,0,0,1,1,1,0,2
,0,1,1,0,1,0,0,0,1,1,1,0,1,1,0,1,0,0,1,0,0,0,1,1,1,0,1,2
,1,1,1,0,1,1,0,1,0,0,1,1,1,0,1,1,0,1,1,1,1,0,1,1,0,1,0,0
,1,1,0,1,0,0,0,1,1,1,0,1,1,0,1,0,0,0,1,1,0,1,1,0,1,0,0,0
,1,1,0,1,1,0,1,0,0,0,0,1,1,1,0,1,1,0,0,1,1,0,1,0,0,0,1,0
,0,1,1,0,1,0,0,0,1,0,0,0,1,1,1,0,1,1,1,1,0,1,0,0,0,1,1,0
,0,1,1,1,0,1,1,0,1,0,0,0,0,0,0,0,0,0,1,1,1,0,1,1,0,1,0,2
,0,0,1,1,1,0,1,1,0,0,1,0,0,0,1,1,1,0,1,1,0,1,1,0,1,0,0,2
,0,0,0,1,1,1,0,1,1,1,0,0,0,1,1,1,0,1,0,1,1,0,1,0,0,0,1,2
,1,0,1,1,0,1,0,0,0,1,0,1,0,0,0,1,1,1,1,1,0,1,0,0,0,1,1,2
,0,1,1,1,0,1,1,0,1,1,1,1,0,1,1,0,1,0,0,1,1,1,0,1,1,0,1,0
,0,0,1,1,1,0,1,1,0,0,1,1,0,1,0,0,0,1,0,0,0,1,1,1,0,1,1,0
,0,0,0,1,1,1,0,1,1,1,1,0,1,0,0,0,1,1,1,0,1,1,0,1,0,0,0,0
,1,0,1,1,0,1,0,0,0,1,1,0,1,1,0,1,0,0,0,0,1,1,1,0,1,1,0,0
,0,1,1,1,0,1,1,0,1,0,1,1,1,0,1,1,0,1,0,0,0,0,0,0,0,0,0,1
,0,0,1,1,1,0,1,1,0,1,0,1,1,0,1,0,0,0,1,0,1,0,0,0,1,1,1,1
,0,0,0,1,1,1,0,1,1,0,0,1,1,1,0,1,1,0,0,1,0,0,0,1,1,1,0,1
,1,0,1,1,0,1,0,0,0,0,0,0,1,1,1,0,1,1,1,0,0,0,1,1,1,0,1,1
19,1,1,1,1,1,1,1,1,1,1,1,1,1,1,1,1,1,1,1,1,1,1,,,,,,
,1,2,1,2,2,2,1,2,1,2,2,1,2,2,2,1,2,1,2,2,1,1,,,,,,
,1,3,2,1,1,2,2,2,2,1,2,2,1,1,2,2,2,2,1,2,1,1,,,,,,
,2,2,1,1,1,1,1,1,1,1,1,2,1,1,2,2,2,2,1,2,1,2,,,,,,
,2,3,1,2,2,2,1,2,1,2,2,1,1,1,1,1,1,1,1,1,1,2,,,,,,
,2,1,2,1,1,2,2,2,2,1,2,1,2,2,2,1,2,1,2,2,1,2,,,,,,
,3,3,1,1,1,1,1,1,1,1,1,1,2,2,2,1,2,1,2,2,2,1,,,,,,
,3,1,1,2,2,2,1,2,1,2,2,2,1,1,2,2,2,2,1,2,2,1,,,,,,
,3,2,2,1,1,2,2,2,2,1,2,1,1,1,1,1,1,1,1,1,2,1,,,,,,
,1,1,2,1,1,2,1,2,1,2,1,1,2,1,1,2,2,2,2,1,1,2,,,,,,
,1,2,1,1,2,1,2,2,1,1,2,2,1,2,1,1,1,2,2,2,1,2,,,,,,
,1,3,1,2,1,2,1,1,2,1,2,2,2,2,2,2,1,1,1,1,1,2,,,,,,
,2,2,2,1,1,2,1,2,1,2,1,2,2,2,2,2,1,1,1,1,2,1,,,,,,
,2,3,1,1,2,1,2,2,1,1,2,1,2,1,1,2,2,2,2,1,2,1,,,,,,
,2,1,1,2,1,2,1,1,2,1,2,2,1,2,1,1,1,2,2,2,2,1,,,,,,
,3,3,2,1,1,2,1,2,1,2,1,2,1,2,1,1,1,2,2,2,2,2,,,,,,
,3,1,1,1,2,1,2,2,1,1,2,2,2,2,2,2,1,1,1,1,2,2,,,,,,
,3,2,1,2,1,2,1,1,2,1,2,1,2,1,1,2,2,2,2,1,2,2,,,,,,
,1,1,1,2,1,1,2,2,2,2,1,2,1,1,2,1,2,1,2,1,2,2,,,,,,
,1,2,2,1,2,1,1,1,2,2,2,1,1,2,1,2,2,1,1,2,2,2,,,,,,
,1,3,2,2,2,2,2,1,1,1,1,1,2,1,2,1,1,2,1,2,2,2,,,,,,
,2,2,1,2,1,1,2,2,2,2,1,1,2,1,2,1,1,2,1,2,2,2,,,,,,
,2,3,2,1,2,1,1,1,2,2,2,2,1,1,2,1,2,1,2,1,2,2,,,,,,
,2,1,2,2,2,2,2,1,1,1,1,1,1,2,1,2,2,1,1,2,2,2,,,,,,
,3,3,1,2,1,1,2,2,2,2,1,1,1,2,1,2,2,1,1,2,1,1,,,,,,
,3,1,2,1,2,1,1,1,2,2,2,1,2,1,2,1,1,2,1,2,1,1,,,,,,
,3,2,2,2,2,2,2,1,1,1,1,2,1,1,2,1,2,1,2,1,1,1,,,,,,
,1,1,2,2,1,1,2,1,1,2,2,2,2,1,1,2,1,1,2,2,2,1,,,,,,
,1,2,2,2,2,1,1,2,2,1,1,2,2,2,1,1,2,2,1,1,2,1,,,,,,
,1,3,1,1,2,2,2,1,2,2,1,1,1,2,2,2,1,2,2,1,2,1,,,,,,
,2,2,2,2,1,1,2,1,1,2,2,1,1,2,2,2,1,2,2,1,1,1,,,,,,
,2,3,2,2,2,1,1,2,2,1,1,2,2,1,1,2,1,1,2,2,1,1,,,,,,
,2,1,1,1,2,2,2,1,2,2,1,2,2,2,1,1,2,2,1,1,1,1,,,,,,
,3,3,2,2,1,1,2,1,1,2,2,2,2,2,1,1,2,2,1,1,1,2,,,,,,
,3,1,2,2,2,1,1,2,2,1,1,1,1,2,2,2,1,2,2,1,1,2,,,,,,
,3,2,1,1,2,2,2,1,2,2,1,2,2,1,1,2,1,1,2,2,1,2,,,,,,
20,0,0,0,0,0,0,0,0,0,0,0,0,0,0,0,0,0,0,0,0,,,,,,,,
,1,0,0,1,0,1,0,1,0,0,1,0,0,1,1,1,1,0,0,1,,,,,,,,
,0,1,0,0,1,1,1,1,0,1,0,0,1,0,1,0,1,0,0,1,,,,,,,,
,1,1,0,0,1,0,0,1,1,1,1,0,0,1,0,0,1,1,0,0,,,,,,,,
,0,0,0,0,0,0,0,0,0,0,1,1,1,0,1,0,1,1,1,2,,,,,,,,
,1,0,0,1,0,1,0,1,0,1,0,1,0,0,0,1,1,1,1,3,,,,,,,,
,0,1,0,0,1,1,1,1,0,0,0,1,0,1,1,0,0,1,1,3,,,,,,,,
,1,1,0,0,1,0,0,1,1,1,1,1,0,0,1,1,0,0,1,2,,,,,,,,
,0,0,0,0,0,0,0,0,0,1,0,0,1,1,1,1,0,1,2,4,,,,,,,,
,1,0,0,1,0,1,0,1,0,1,1,1,1,1,0,0,0,0,2,5,,,,,,,,
,0,1,0,0,1,1,1,1,0,0,1,0,1,0,0,1,0,1,2,5,,,,,,,,
,1,1,0,0,1,0,0,1,1,0,0,1,1,1,0,1,1,0,2,4,,,,,,,,
,0,1,1,1,0,1,0,1,1,0,0,0,0,0,0,0,0,0,1,4,,,,,,,,
,0,0,1,0,1,1,0,0,1,0,1,0,0,1,1,1,1,0,1,5,,,,,,,,
,1,0,1,0,0,0,1,1,1,1,0,0,1,0,1,0,1,0,1,5,,,,,,,,
,1,1,1,0,0,1,1,0,0,1,1,0,0,1,0,0,1,1,1,4,,,,,,,,
,0,1,1,1,0,1,0,1,1,0,1,1,1,0,1,0,1,1,2,0,,,,,,,,
,0,0,1,0,1,1,0,0,1,1,0,1,0,0,0,1,1,1,2,1,,,,,,,,
,1,0,1,0,0,0,1,1,1,0,0,1,0,1,1,0,0,1,2,1,,,,,,,,
,1,1,1,0,0,1,1,0,0,1,1,1,0,0,1,1,0,0,2,0,,,,,,,,
,0,1,1,1,0,1,0,1,1,1,0,0,1,1,1,1,0,1,0,2,,,,,,,,
,0,0,1,0,1,1,0,0,1,1,1,1,1,1,0,0,0,0,0,3,,,,,,,,
,1,0,1,0,0,0,1,1,1,0,1,0,1,0,0,1,0,1,0,3,,,,,,,,
,1,1,1,0,0,1,1,0,0,0,0,1,1,1,0,1,1,0,0,2,,,,,,,,
,1,0,0,1,1,1,1,0,1,0,0,0,0,0,0,0,0,0,2,2,,,,,,,,
,0,1,0,1,0,0,1,0,1,0,1,0,0,1,1,1,1,0,2,3,,,,,,,,
,1,1,1,1,1,0,0,0,0,1,0,0,1,0,1,0,1,0,2,3,,,,,,,,
,0,0,1,1,1,0,1,1,0,1,1,0,0,1,0,0,1,1,2,2,,,,,,,,
,1,0,0,1,1,1,1,0,1,0,1,1,1,0,1,0,1,1,0,4,,,,,,,,
,0,1,0,1,0,0,1,0,1,1,0,1,0,0,0,1,1,1,0,5,,,,,,,,
,1,1,1,1,1,0,0,0,0,0,0,1,0,1,1,0,0,1,0,5,,,,,,,,
,0,0,1,1,1,0,1,1,0,1,1,1,0,0,1,1,0,0,0,4,,,,,,,,
,1,0,0,1,1,1,1,0,1,1,0,0,1,1,1,1,0,1,1,0,,,,,,,,
,0,1,0,1,0,0,1,0,1,1,1,1,1,1,0,0,0,0,1,1,,,,,,,,
,1,1,1,1,1,0,0,0,0,0,1,0,1,0,0,1,0,1,1,1,,,,,,,,
,0,0,1,1,1,0,1,1,0,0,0,1,1,1,0,1,1,0,1,0,,,,,,,,
21,0,0,0,1,0,1,0,1,1,1,0,0,0,0,0,,,,,,,,,,,,,
,0,1,1,1,1,1,1,0,1,0,1,1,1,1,1,,,,,,,,,,,,,
,0,2,1,0,0,0,1,1,1,0,1,0,0,0,1,,,,,,,,,,,,,
,0,3,0,1,1,1,0,0,0,1,1,0,1,1,0,,,,,,,,,,,,,
,0,4,1,0,1,0,1,1,0,1,0,1,1,0,0,,,,,,,,,,,,,
,0,5,0,0,0,0,0,0,0,0,0,1,0,1,1,,,,,,,,,,,,,
,1,0,0,0,1,1,1,0,0,0,0,1,1,1,1,,,,,,,,,,,,,
,1,1,0,1,0,1,0,1,0,0,1,0,0,0,0,,,,,,,,,,,,,
,1,2,1,1,1,1,1,0,1,1,0,0,0,0,1,,,,,,,,,,,,,
,1,3,1,0,0,0,1,1,0,0,1,1,1,0,0,,,,,,,,,,,,,
,1,4,0,1,0,0,0,1,1,1,0,1,1,1,1,,,,,,,,,,,,,
,1,5,1,0,1,0,0,0,1,1,1,0,0,1,0,,,,,,,,,,,,,
,2,0,1,0,0,1,0,1,1,0,0,0,1,1,1,,,,,,,,,,,,,
,2,1,0,0,1,0,1,1,0,0,0,0,0,1,0,,,,,,,,,,,,,
,2,2,0,1,0,0,1,0,0,1,1,1,0,1,1,,,,,,,,,,,,,
,2,3,0,0,1,0,0,0,1,1,1,0,1,0,1,,,,,,,,,,,,,
,2,4,1,1,0,1,0,0,0,0,1,1,0,0,0,,,,,,,,,,,,,
,2,5,1,1,1,1,1,1,1,1,0,1,1,0,0,,,,,,,,,,,,,
,3,0,1,0,1,0,0,0,1,0,1,1,0,0,0,,,,,,,,,,,,,
,3,1,1,1,0,0,0,1,1,1,1,1,1,1,1,,,,,,,,,,,,,
,3,2,0,0,0,1,0,0,0,1,0,1,1,0,0,,,,,,,,,,,,,
,3,3,1,0,0,1,1,1,0,1,0,0,0,1,1,,,,,,,,,,,,,
,3,4,0,1,1,0,1,0,1,0,0,0,0,1,0,,,,,,,,,,,,,
,3,5,0,1,1,1,1,1,0,0,1,0,1,0,1,,,,,,,,,,,,,
,4,0,1,1,0,0,1,0,0,1,1,0,1,1,0,,,,,,,,,,,,,
,4,1,1,0,1,1,0,0,0,1,0,1,0,0,1,,,,,,,,,,,,,
,4,2,1,1,1,0,0,1,0,0,0,0,1,1,0,,,,,,,,,,,,,
,4,3,0,1,1,0,0,1,1,0,0,1,0,0,1,,,,,,,,,,,,,
,4,4,0,0,0,1,1,0,1,0,1,0,1,0,1,,,,,,,,,,,,,
,4,5,0,0,0,1,1,1,1,1,1,1,0,1,0,,,,,,,,,,,,,
,5,0,0,1,1,0,1,1,0,1,1,1,0,0,1,,,,,,,,,,,,,
,5,1,0,0,0,0,1,0,1,1,0,0,1,0,0,,,,,,,,,,,,,
,5,2,0,0,1,1,0,1,1,0,1,1,1,1,0,,,,,,,,,,,,,
,5,3,1,1,0,1,1,0,1,0,0,1,0,1,0,,,,,,,,,,,,,
,5,4,1,0,1,1,0,1,0,1,1,0,0,1,1,,,,,,,,,,,,,
,5,5,1,1,0,0,0,0,0,0,0,0,1,0,1,,,,,,,,,,,,,
22,0,0,0,0,0,0,0,0,0,0,0,0,0	0,,,,,,,,,,,,,,,
,0,0,0,0,0,0,1,1,1,1,1,1,1	0,,,,,,,,,,,,,,,
,1,1,1,1,1,1,0,0,0,0,0,1,1	0,,,,,,,,,,,,,,,
,1,1,1,1,1,1,1,1,1,1,1,0,0	0,,,,,,,,,,,,,,,
,0,0,1,0,1,0,0,0,0,0,1,1,0	1,,,,,,,,,,,,,,,
,0,0,1,1,0,1,1,1,0,1,0,0,0	1,,,,,,,,,,,,,,,
,1,1,0,0,0,1,0,0,1,1,0,1,1	1,,,,,,,,,,,,,,,
,1,1,0,1,1,0,1,1,1,0,1,0,1	1,,,,,,,,,,,,,,,
,0,1,0,1,1,1,0,1,1,0,0,1,0	2,,,,,,,,,,,,,,,
,0,1,1,1,0,0,1,0,0,1,0,1,1	2,,,,,,,,,,,,,,,
,1,0,1,0,0,1,0,0,1,1,1,0,1	2,,,,,,,,,,,,,,,
,1,0,0,0,1,0,1,1,0,0,1,0,0	2,,,,,,,,,,,,,,,
,0,1,0,0,1,1,0,1,0,0,1,0,1	3,,,,,,,,,,,,,,,
,0,1,1,1,0,0,1,0,1,1,1,0,0	3,,,,,,,,,,,,,,,
,1,0,0,1,1,0,0,1,0,1,0,1,1	3,,,,,,,,,,,,,,,
,1,0,1,0,0,1,1,0,1,0,0,1,0	3,,,,,,,,,,,,,,,
,0,0,1,1,1,0,0,0,1,0,1,1,1	4,,,,,,,,,,,,,,,
,0,1,0,0,1,1,1,0,1,1,1,1,0	4,,,,,,,,,,,,,,,
,1,1,0,0,0,1,0,1,0,1,0,0,0	4,,,,,,,,,,,,,,,
,1,0,1,1,0,0,1,1,0,0,0,0,1	4,,,,,,,,,,,,,,,
,0,0,0,1,0,1,0,1,0,1,1,1,0	5,,,,,,,,,,,,,,,
,0,1,1,0,1,1,1,0,0,0,0,0,1	5,,,,,,,,,,,,,,,
,1,1,1,1,0,0,0,1,1,0,1,1,0	5,,,,,,,,,,,,,,,
,1,0,0,0,1,0,1,0,1,1,0,0,1	5,,,,,,,,,,,,,,,
,0,0,1,0,0,1,0,1,1,0,1,0,1	6,,,,,,,,,,,,,,,
,0,1,1,0,1,0,1,1,0,1,0,1,0	6,,,,,,,,,,,,,,,
,1,1,0,1,0,0,0,0,1,0,0,0,0	6,,,,,,,,,,,,,,,
,1,0,0,1,1,1,1,0,0,1,1,1,1	6,,,,,,,,,,,,,,,
,0,0,1,1,1,1,0,1,1,1,0,0,1	7,,,,,,,,,,,,,,,
,0,1,0,0,0,0,1,1,1,0,0,1,1	7,,,,,,,,,,,,,,,
,1,1,1,0,1,0,0,0,0,1,1,0,0	7,,,,,,,,,,,,,,,
,1,0,0,1,0,1,1,0,0,0,1,1,0	7,,,,,,,,,,,,,,,
,0,0,0,1,1,0,0,0,1,1,0,0,0	8,,,,,,,,,,,,,,,
,0,1,0,1,0,1,1,0,0,0,1,0,1	8,,,,,,,,,,,,,,,
,1,1,1,0,0,0,0,1,0,1,1,1,1	8,,,,,,,,,,,,,,,
,1,0,1,0,1,1,1,1,1,0,0,1,0	8,,,,,,,,,,,,,,,
23,1,1,2,2,1,1,2,2,1,1,2,2,0,0,0,0,0,0,0,0,0,0,0,,,,,
,1,1,2,2,2,2,1,1,2,2,1,1,1,1,1,0,0,0,1,0,1,0,1,,,,,
,2,2,1,1,1,1,2,2,2,2,1,1,0,1,0,1,1,1,1,0,0,0,1,,,,,
,2,2,1,1,2,2,1,1,1,1,2,2,1,0,1,1,1,0,1,0,0,1,0,,,,,
,1,2,1,2,2,0,2,0,0,1,0,1,0,0,0,1,0,0,1,1,1,1,1,,,,,
,1,2,1,2,0,2,0,2,1,0,1,0,1,1,0,0,1,0,0,1,0,1,1,,,,,
,2,1,2,1,2,0,2,0,1,0,1,0,0,1,1,0,0,1,1,1,0,1,0,,,,,
,2,1,2,1,0,2,0,2,0,1,0,1,1,0,1,1,0,1,0,1,0,0,1,,,,,
,1,2,2,1,0,1,1,0,2,0,0,2,0,0,1,0,1,1,0,0,1,1,1,,,,,
,1,2,2,1,1,0,0,1,0,2,2,0,1,1,0,1,0,1,0,0,1,1,0,,,,,
,2,1,1,2,0,1,1,0,0,2,2,0,0,1,1,1,1,0,0,1,1,0,0,,,,,
,2,1,1,2,1,0,0,1,2,0,0,2,1,0,0,0,1,1,1,1,1,0,0,,,,,
,2,2,0,0,2,2,0,0,2,2,0,0,0,0,0,0,0,0,0,0,0,0,0,,,,,
,2,2,0,0,0,0,2,2,0,0,2,2,1,1,1,0,0,0,1,0,1,0,1,,,,,
,0,0,2,2,2,2,0,0,0,0,2,2,0,1,0,1,1,1,1,0,0,0,1,,,,,
,0,0,2,2,0,0,2,2,2,2,0,0,1,0,1,1,1,0,1,0,0,1,0,,,,,
,2,0,2,0,0,1,0,1,1,2,1,2,0,0,0,1,0,0,1,1,1,1,1,,,,,
,2,0,2,0,1,0,1,0,2,1,2,1,1,1,0,0,1,0,0,1,0,1,1,,,,,
,0,2,0,2,0,1,0,1,2,1,2,1,0,1,1,0,0,1,1,1,0,1,0,,,,,
,0,2,0,2,1,0,1,0,1,2,1,2,1,0,1,1,0,1,0,1,0,0,1,,,,,
,2,0,0,2,1,2,2,1,0,1,1,0,0,0,1,0,1,1,0,0,1,1,1,,,,,
,2,0,0,2,2,1,1,2,1,0,0,1,1,1,0,1,0,1,0,0,1,1,0,,,,,
,0,2,2,0,1,2,2,1,1,0,0,1,0,1,1,1,1,0,0,1,1,0,0,,,,,
,0,2,2,0,2,1,1,2,0,1,1,0,1,0,0,0,1,1,1,1,1,0,0,,,,,
,0,0,1,1,0,0,1,1,0,0,1,1,0,0,0,0,0,0,0,0,0,0,0,,,,,
,0,0,1,1,1,1,0,0,1,1,0,0,1,1,1,0,0,0,1,0,1,0,1,,,,,
,1,1,0,0,0,0,1,1,1,1,0,0,0,1,0,1,1,1,1,0,0,0,1,,,,,
,1,1,0,0,1,1,0,0,0,0,1,1,1,0,1,1,1,0,1,0,0,1,0,,,,,
,0,1,0,1,1,2,1,2,2,0,2,0,0,0,0,1,0,0,1,1,1,1,1,,,,,
,0,1,0,1,2,1,2,1,0,2,0,2,1,1,0,0,1,0,0,1,0,1,1,,,,,
,1,0,1,0,1,2,1,2,0,2,0,2,0,1,1,0,0,1,1,1,0,1,0,,,,,
,1,0,1,0,2,1,2,1,2,0,2,0,1,0,1,1,0,1,0,1,0,0,1,,,,,
,0,1,1,0,2,0,0,2,1,2,2,1,0,0,1,0,1,1,0,0,1,1,1,,,,,
,0,1,1,0,0,2,2,0,2,1,1,2,1,1,0,1,0,1,0,0,1,1,0,,,,,
,1,0,0,1,2,0,0,2,2,1,1,2,0,1,1,1,1,0,0,1,1,0,0,,,,,
,1,0,0,1,0,2,2,0,1,2,2,1,1,0,0,0,1,1,1,1,1,0,0,,,,,
24,0,0,0,0,0,0,0,0,0,0,0,0,0,0,,,,,,,,,,,,,,
,1,0,0,1,0,1,0,1,0,0,1,0,0,1,,,,,,,,,,,,,,
,0,1,0,0,1,1,1,1,0,1,1,0,0,1,,,,,,,,,,,,,,
,1,1,0,0,1,0,0,1,1,1,0,0,0,0,,,,,,,,,,,,,,
,0,0,0,0,0,0,0,0,0,1,1,1,1,2,,,,,,,,,,,,,,
,1,0,0,1,0,1,0,1,0,1,0,1,1,3,,,,,,,,,,,,,,
,0,1,0,0,1,1,1,1,0,0,1,1,1,3,,,,,,,,,,,,,,
,1,1,0,0,1,0,0,1,1,0,0,1,1,2,,,,,,,,,,,,,,
,0,0,0,0,0,0,0,0,0,1,1,2,2,4,,,,,,,,,,,,,,
,1,0,0,1,0,1,0,1,0,0,0,2,2,5,,,,,,,,,,,,,,
,0,1,0,0,1,1,1,1,0,1,0,2,2,5,,,,,,,,,,,,,,
,1,1,0,0,1,0,0,1,1,0,1,2,2,4,,,,,,,,,,,,,,
,0,1,1,1,0,1,0,1,1,0,0,0,1,4,,,,,,,,,,,,,,
,0,0,1,0,1,1,0,0,1,0,1,0,1,5,,,,,,,,,,,,,,
,1,0,1,0,0,0,1,1,1,1,1,0,1,5,,,,,,,,,,,,,,
,1,1,1,0,0,1,1,0,0,1,0,0,1,4,,,,,,,,,,,,,,
,0,1,1,1,0,1,0,1,1,1,1,1,2,0,,,,,,,,,,,,,,
,0,0,1,0,1,1,0,0,1,1,0,1,2,1,,,,,,,,,,,,,,
,1,0,1,0,0,0,1,1,1,0,1,1,2,1,,,,,,,,,,,,,,
,1,1,1,0,0,1,1,0,0,0,0,1,2,0,,,,,,,,,,,,,,
,0,1,1,1,0,1,0,1,1,1,1,2,0,2,,,,,,,,,,,,,,
,0,0,1,0,1,1,0,0,1,0,0,2,0,3,,,,,,,,,,,,,,
,1,0,1,0,0,0,1,1,1,1,0,2,0,3,,,,,,,,,,,,,,
,1,1,1,0,0,1,1,0,0,0,1,2,0,2,,,,,,,,,,,,,,
,1,0,0,1,1,1,1,0,1,0,0,0,2,2,,,,,,,,,,,,,,
,0,1,0,1,0,0,1,0,1,0,1,0,2,3,,,,,,,,,,,,,,
,1,1,1,1,1,0,0,0,0,1,1,0,2,3,,,,,,,,,,,,,,
,0,0,1,1,1,0,1,1,0,1,0,0,2,2,,,,,,,,,,,,,,
,1,0,0,1,1,1,1,0,1,1,1,1,0,4,,,,,,,,,,,,,,
,0,1,0,1,0,0,1,0,1,1,0,1,0,5,,,,,,,,,,,,,,
,1,1,1,1,1,0,0,0,0,0,1,1,0,5,,,,,,,,,,,,,,
,0,0,1,1,1,0,1,1,0,0,0,1,0,4,,,,,,,,,,,,,,
,1,0,0,1,1,1,1,0,1,1,1,2,1,0,,,,,,,,,,,,,,
,0,1,0,1,0,0,1,0,1,0,0,2,1,1,,,,,,,,,,,,,,
,1,1,1,1,1,0,0,0,0,1,0,2,1,1,,,,,,,,,,,,,,
,0,0,1,1,1,0,1,1,0,0,1,2,1,0,,,,,,,,,,,,,,
25,0,1,1,2,2,1,1,2,2,0,0,0,0,0,0,0,0,0,0,,,,,,,,,
,1,1,1,2,2,2,2,1,1,1,1,0,0,0,1,0,1,0,1,,,,,,,,,
,1,2,2,1,1,1,1,2,2,0,0,1,1,1,1,0,0,0,1,,,,,,,,,
,0,2,2,1,1,2,2,1,1,1,1,1,1,0,1,0,0,1,0,,,,,,,,,
,4,1,2,1,2,2,0,2,0,0,0,1,0,0,1,1,1,1,1,,,,,,,,,
,5,1,2,1,2,0,2,0,2,1,0,0,1,0,0,1,0,1,1,,,,,,,,,
,5,2,1,2,1,2,0,2,0,0,1,0,0,1,1,1,0,1,0,,,,,,,,,
,4,2,1,2,1,0,2,0,2,1,1,1,0,1,0,1,0,0,1,,,,,,,,,
,2,1,2,2,1,0,1,1,0,0,1,0,1,1,0,0,1,1,1,,,,,,,,,
,3,1,2,2,1,1,0,0,1,1,0,1,0,1,0,0,1,1,0,,,,,,,,,
,3,2,1,1,2,0,1,1,0,0,1,1,1,0,0,1,1,0,0,,,,,,,,,
,2,2,1,1,2,1,0,0,1,1,0,0,1,1,1,1,1,0,0,,,,,,,,,
,2,2,2,0,0,2,2,0,0,0,0,0,0,0,0,0,0,0,0,,,,,,,,,
,3,2,2,0,0,0,0,2,2,1,1,0,0,0,1,0,1,0,1,,,,,,,,,
,3,0,0,2,2,2,2,0,0,0,0,1,1,1,1,0,0,0,1,,,,,,,,,
,2,0,0,2,2,0,0,2,2,1,1,1,1,0,1,0,0,1,0,,,,,,,,,
,0,2,0,2,0,0,1,0,1,0,0,1,0,0,1,1,1,1,1,,,,,,,,,
,1,2,0,2,0,1,0,1,0,1,0,0,1,0,0,1,0,1,1,,,,,,,,,
,1,0,2,0,2,0,1,0,1,0,1,0,0,1,1,1,0,1,0,,,,,,,,,
,0,0,2,0,2,1,0,1,0,1,1,1,0,1,0,1,0,0,1,,,,,,,,,
,4,2,0,0,2,1,2,2,1,0,1,0,1,1,0,0,1,1,1,,,,,,,,,
,5,2,0,0,2,2,1,1,2,1,0,1,0,1,0,0,1,1,0,,,,,,,,,
,5,0,2,2,0,1,2,2,1,0,1,1,1,0,0,1,1,0,0,,,,,,,,,
,4,0,2,2,0,2,1,1,2,1,0,0,1,1,1,1,1,0,0,,,,,,,,,
,4,0,0,1,1,0,0,1,1,0,0,0,0,0,0,0,0,0,0,,,,,,,,,
,5,0,0,1,1,1,1,0,0,1,1,0,0,0,1,0,1,0,1,,,,,,,,,
,5,1,1,0,0,0,0,1,1,0,0,1,1,1,1,0,0,0,1,,,,,,,,,
,4,1,1,0,0,1,1,0,0,1,1,1,1,0,1,0,0,1,0,,,,,,,,,
,2,0,1,0,1,1,2,1,2,0,0,1,0,0,1,1,1,1,1,,,,,,,,,
,3,0,1,0,1,2,1,2,1,1,0,0,1,0,0,1,0,1,1,,,,,,,,,
,3,1,0,1,0,1,2,1,2,0,1,0,0,1,1,1,0,1,0,,,,,,,,,
,2,1,0,1,0,2,1,2,1,1,1,1,0,1,0,1,0,0,1,,,,,,,,,
,0,0,1,1,0,2,0,0,2,0,1,0,1,1,0,0,1,1,1,,,,,,,,,
,1,0,1,1,0,0,2,2,0,1,0,1,0,1,0,0,1,1,0,,,,,,,,,
,1,1,0,0,1,2,0,0,2,0,1,1,1,0,0,1,1,0,0,,,,,,,,,
,0,1,0,0,1,0,2,2,0,1,0,0,1,1,1,1,1,0,0,,,,,,,,,
26,0,0,1,1,1,1,1,1,1,1,0,1,1,,,,,,,,,,,,,,,
,0,1,0,1,0,1,0,1,0,1,1,0,1,,,,,,,,,,,,,,,
,0,2,2,0,1,0,1,0,0,0,0,1,1,,,,,,,,,,,,,,,
,0,3,1,0,0,0,1,0,1,1,1,1,0,,,,,,,,,,,,,,,
,0,4,0,0,0,1,0,1,1,0,0,0,0,,,,,,,,,,,,,,,
,0,5,2,1,1,0,0,0,0,0,1,0,0,,,,,,,,,,,,,,,
,1,0,2,0,0,1,0,0,1,1,0,0,0,,,,,,,,,,,,,,,
,1,1,2,1,0,0,1,1,1,0,0,0,1,,,,,,,,,,,,,,,
,1,2,1,1,1,1,0,1,0,0,1,1,0,,,,,,,,,,,,,,,
,1,3,0,1,1,0,1,0,0,1,0,0,1,,,,,,,,,,,,,,,
,1,4,1,0,0,1,0,0,0,0,1,1,1,,,,,,,,,,,,,,,
,1,5,0,0,1,0,1,1,1,1,1,1,0,,,,,,,,,,,,,,,
,2,0,2,1,1,1,1,1,1,0,1,1,0,,,,,,,,,,,,,,,
,2,1,0,0,1,0,0,0,1,0,0,1,0,,,,,,,,,,,,,,,
,2,2,2,0,0,0,0,0,1,1,1,0,1,,,,,,,,,,,,,,,
,2,3,1,0,0,1,1,1,0,0,0,0,0,,,,,,,,,,,,,,,
,2,4,0,1,1,0,0,1,0,1,0,1,1,,,,,,,,,,,,,,,
,2,5,1,1,0,1,1,0,0,1,1,0,1,,,,,,,,,,,,,,,
,3,0,0,0,0,0,1,1,0,0,1,0,1,,,,,,,,,,,,,,,
,3,1,1,0,1,1,0,0,1,1,1,1,1,,,,,,,,,,,,,,,
,3,2,0,1,0,1,1,0,0,0,0,1,0,,,,,,,,,,,,,,,
,3,3,2,1,0,0,0,1,1,0,1,1,1,,,,,,,,,,,,,,,
,3,4,1,1,1,0,1,0,1,1,0,0,0,,,,,,,,,,,,,,,
,3,5,2,0,1,1,0,1,0,1,0,0,0,,,,,,,,,,,,,,,
,4,0,0,1,0,0,0,0,0,1,1,1,0,,,,,,,,,,,,,,,
,4,1,1,0,1,0,1,1,0,0,1,0,0,,,,,,,,,,,,,,,
,4,2,1,1,0,0,0,1,1,1,0,0,0,,,,,,,,,,,,,,,
,4,3,2,0,1,1,0,1,0,1,0,1,1,,,,,,,,,,,,,,,
,4,4,2,1,1,1,1,0,1,0,1,0,1,,,,,,,,,,,,,,,
,4,5,0,0,0,1,1,0,1,0,0,1,1,,,,,,,,,,,,,,,
,5,0,1,0,1,0,0,0,0,0,0,0,1,,,,,,,,,,,,,,,
,5,1,2,1,0,1,1,0,0,1,0,1,0,,,,,,,,,,,,,,,
,5,2,0,0,1,1,1,1,1,1,1,0,1,,,,,,,,,,,,,,,
,5,3,0,1,1,1,0,0,1,0,1,0,0,,,,,,,,,,,,,,,
,5,4,2,0,0,0,1,1,0,1,1,1,0,,,,,,,,,,,,,,,
,5,5,1,1,0,0,0,1,1,0,0,1,1,,,,,,,,,,,,,,,
27,0,0,1,1,2,2,0,0,0,0,0,0,0,0,0,,,,,,,,,,,,,
,1,1,1,1,2,2,1,0,0,0,1,0,1,0,1,,,,,,,,,,,,,
,0,1,2,2,1,1,0,1,1,1,1,0,0,0,1,,,,,,,,,,,,,
,1,0,2,2,1,1,1,1,1,0,1,0,0,1,0,,,,,,,,,,,,,
,2,4,1,2,1,2,0,1,0,0,1,1,1,1,1,,,,,,,,,,,,,
,3,5,1,2,1,2,0,0,1,0,0,1,0,1,1,,,,,,,,,,,,,
,2,5,2,1,2,1,1,0,0,1,1,1,0,1,0,,,,,,,,,,,,,
,3,4,2,1,2,1,1,1,0,1,0,1,0,0,1,,,,,,,,,,,,,
,4,2,1,2,2,1,1,0,1,1,0,0,1,1,1,,,,,,,,,,,,,
,5,3,1,2,2,1,0,1,0,1,0,0,1,1,0,,,,,,,,,,,,,
,4,3,2,1,1,2,1,1,1,0,0,1,1,0,0,,,,,,,,,,,,,
,5,2,2,1,1,2,0,0,1,1,1,1,1,0,0,,,,,,,,,,,,,
,2,2,2,2,0,0,0,0,0,0,0,0,0,0,0,,,,,,,,,,,,,
,3,3,2,2,0,0,1,0,0,0,1,0,1,0,1,,,,,,,,,,,,,
,2,3,0,0,2,2,0,1,1,1,1,0,0,0,1,,,,,,,,,,,,,
,3,2,0,0,2,2,1,1,1,0,1,0,0,1,0,,,,,,,,,,,,,
,4,0,2,0,2,0,0,1,0,0,1,1,1,1,1,,,,,,,,,,,,,
,5,1,2,0,2,0,0,0,1,0,0,1,0,1,1,,,,,,,,,,,,,
,4,1,0,2,0,2,1,0,0,1,1,1,0,1,0,,,,,,,,,,,,,
,5,0,0,2,0,2,1,1,0,1,0,1,0,0,1,,,,,,,,,,,,,
,0,4,2,0,0,2,1,0,1,1,0,0,1,1,1,,,,,,,,,,,,,
,1,5,2,0,0,2,0,1,0,1,0,0,1,1,0,,,,,,,,,,,,,
,0,5,0,2,2,0,1,1,1,0,0,1,1,0,0,,,,,,,,,,,,,
,1,4,0,2,2,0,0,0,1,1,1,1,1,0,0,,,,,,,,,,,,,
,4,4,0,0,1,1,0,0,0,0,0,0,0,0,0,,,,,,,,,,,,,
,5,5,0,0,1,1,1,0,0,0,1,0,1,0,1,,,,,,,,,,,,,
,4,5,1,1,0,0,0,1,1,1,1,0,0,0,1,,,,,,,,,,,,,
,5,4,1,1,0,0,1,1,1,0,1,0,0,1,0,,,,,,,,,,,,,
,0,2,0,1,0,1,0,1,0,0,1,1,1,1,1,,,,,,,,,,,,,
,1,3,0,1,0,1,0,0,1,0,0,1,0,1,1,,,,,,,,,,,,,
,0,3,1,0,1,0,1,0,0,1,1,1,0,1,0,,,,,,,,,,,,,
,1,2,1,0,1,0,1,1,0,1,0,1,0,0,1,,,,,,,,,,,,,
,2,0,0,1,1,0,1,0,1,1,0,0,1,1,1,,,,,,,,,,,,,
,3,1,0,1,1,0,0,1,0,1,0,0,1,1,0,,,,,,,,,,,,,
,2,1,1,0,0,1,1,1,1,0,0,1,1,0,0,,,,,,,,,,,,,
,3,0,1,0,0,1,0,0,1,1,1,1,1,0,0,,,,,,,,,,,,,
28,0,0,0,0,0,0,0,0,0,0,0,0,,,,,,,,,,,,,,,,
,1,0,0,1,0,1,0,1,0,0,1,1,,,,,,,,,,,,,,,,
,0,1,0,0,1,1,1,1,0,0,0,1,,,,,,,,,,,,,,,,
,1,1,0,0,1,0,0,1,1,0,1,0,,,,,,,,,,,,,,,,
,0,0,0,0,0,0,0,0,0,1,2,2,,,,,,,,,,,,,,,,
,1,0,0,1,0,1,0,1,0,1,3,3,,,,,,,,,,,,,,,,
,0,1,0,0,1,1,1,1,0,1,2,3,,,,,,,,,,,,,,,,
,1,1,0,0,1,0,0,1,1,1,3,2,,,,,,,,,,,,,,,,
,0,0,0,0,0,0,0,0,0,2,4,4,,,,,,,,,,,,,,,,
,1,0,0,1,0,1,0,1,0,2,5,5,,,,,,,,,,,,,,,,
,0,1,0,0,1,1,1,1,0,2,4,5,,,,,,,,,,,,,,,,
,1,1,0,0,1,0,0,1,1,2,5,4,,,,,,,,,,,,,,,,
,0,1,1,1,0,1,0,1,1,1,0,4,,,,,,,,,,,,,,,,
,0,0,1,0,1,1,0,0,1,1,1,5,,,,,,,,,,,,,,,,
,1,0,1,0,0,0,1,1,1,1,0,5,,,,,,,,,,,,,,,,
,1,1,1,0,0,1,1,0,0,1,1,4,,,,,,,,,,,,,,,,
,0,1,1,1,0,1,0,1,1,2,2,0,,,,,,,,,,,,,,,,
,0,0,1,0,1,1,0,0,1,2,3,1,,,,,,,,,,,,,,,,
,1,0,1,0,0,0,1,1,1,2,2,1,,,,,,,,,,,,,,,,
,1,1,1,0,0,1,1,0,0,2,3,0,,,,,,,,,,,,,,,,
,0,1,1,1,0,1,0,1,1,0,4,2,,,,,,,,,,,,,,,,
,0,0,1,0,1,1,0,0,1,0,5,3,,,,,,,,,,,,,,,,
,1,0,1,0,0,0,1,1,1,0,4,3,,,,,,,,,,,,,,,,
,1,1,1,0,0,1,1,0,0,0,5,2,,,,,,,,,,,,,,,,
,1,0,0,1,1,1,1,0,1,2,0,2,,,,,,,,,,,,,,,,
,0,1,0,1,0,0,1,0,1,2,1,3,,,,,,,,,,,,,,,,
,1,1,1,1,1,0,0,0,0,2,0,3,,,,,,,,,,,,,,,,
,0,0,1,1,1,0,1,1,0,2,1,2,,,,,,,,,,,,,,,,
,1,0,0,1,1,1,1,0,1,0,2,4,,,,,,,,,,,,,,,,
,0,1,0,1,0,0,1,0,1,0,3,5,,,,,,,,,,,,,,,,
,1,1,1,1,1,0,0,0,0,0,2,5,,,,,,,,,,,,,,,,
,0,0,1,1,1,0,1,1,0,0,3,4,,,,,,,,,,,,,,,,
,1,0,0,1,1,1,1,0,1,1,4,0,,,,,,,,,,,,,,,,
,0,1,0,1,0,0,1,0,1,1,5,1,,,,,,,,,,,,,,,,
,1,1,1,1,1,0,0,0,0,1,4,1,,,,,,,,,,,,,,,,
,0,0,1,1,1,0,1,1,0,1,5,0,,,,,,,,,,,,,,,,
29,1,0,0,0,0,0,0,0,0,0,0,,,,,,,,,,,,,,,,,
,4,1,1,0,0,0,1,0,1,0,1,,,,,,,,,,,,,,,,,
,2,0,1,1,1,1,1,0,0,0,1,,,,,,,,,,,,,,,,,
,3,1,0,1,1,0,1,0,0,1,0,,,,,,,,,,,,,,,,,
,1,2,4,1,0,0,1,1,1,1,1,,,,,,,,,,,,,,,,,
,2,3,5,0,1,0,0,1,0,1,1,,,,,,,,,,,,,,,,,
,4,2,5,0,0,1,1,1,0,1,0,,,,,,,,,,,,,,,,,
,3,3,4,1,0,1,0,1,0,0,1,,,,,,,,,,,,,,,,,
,3,4,2,0,1,1,0,0,1,1,1,,,,,,,,,,,,,,,,,
,2,5,3,1,0,1,0,0,1,1,0,,,,,,,,,,,,,,,,,
,4,4,3,1,1,0,0,1,1,0,0,,,,,,,,,,,,,,,,,
,1,5,2,0,1,1,1,1,1,0,0,,,,,,,,,,,,,,,,,
,2,2,2,0,0,0,0,0,0,0,0,,,,,,,,,,,,,,,,,
,5,3,3,0,0,0,1,0,1,0,1,,,,,,,,,,,,,,,,,
,0,2,3,1,1,1,1,0,0,0,1,,,,,,,,,,,,,,,,,
,4,3,2,1,1,0,1,0,0,1,0,,,,,,,,,,,,,,,,,
,2,4,0,1,0,0,1,1,1,1,1,,,,,,,,,,,,,,,,,
,0,5,1,0,1,0,0,1,0,1,1,,,,,,,,,,,,,,,,,
,5,4,1,0,0,1,1,1,0,1,0,,,,,,,,,,,,,,,,,
,4,5,0,1,0,1,0,1,0,0,1,,,,,,,,,,,,,,,,,
,4,0,4,0,1,1,0,0,1,1,1,,,,,,,,,,,,,,,,,
,0,1,5,1,0,1,0,0,1,1,0,,,,,,,,,,,,,,,,,
,5,0,5,1,1,0,0,1,1,0,0,,,,,,,,,,,,,,,,,
,2,1,4,0,1,1,1,1,1,0,0,,,,,,,,,,,,,,,,,
,0,4,4,0,0,0,0,0,0,0,0,,,,,,,,,,,,,,,,,
,3,5,5,0,0,0,1,0,1,0,1,,,,,,,,,,,,,,,,,
,1,4,5,1,1,1,1,0,0,0,1,,,,,,,,,,,,,,,,,
,5,5,4,1,1,0,1,0,0,1,0,,,,,,,,,,,,,,,,,
,0,0,2,1,0,0,1,1,1,1,1,,,,,,,,,,,,,,,,,
,1,1,3,0,1,0,0,1,0,1,1,,,,,,,,,,,,,,,,,
,3,0,3,0,0,1,1,1,0,1,0,,,,,,,,,,,,,,,,,
,5,1,2,1,0,1,0,1,0,0,1,,,,,,,,,,,,,,,,,
,5,2,0,0,1,1,0,0,1,1,1,,,,,,,,,,,,,,,,,
,1,3,1,1,0,1,0,0,1,1,0,,,,,,,,,,,,,,,,,
,3,2,1,1,1,0,0,1,1,0,0,,,,,,,,,,,,,,,,,
,0,3,0,0,1,1,1,1,1,0,0,,,,,,,,,,,,,,,,,
30,0,0,0,2,0,0,0,1,0,1,1,,,,,,,,,,,,,,,,,
,0,1,2,2,1,1,1,0,1,0,1,,,,,,,,,,,,,,,,,
,0,2,1,0,1,1,1,1,1,1,1,,,,,,,,,,,,,,,,,
,0,3,1,1,0,0,1,1,1,0,0,,,,,,,,,,,,,,,,,
,0,4,0,0,0,1,0,0,0,0,0,,,,,,,,,,,,,,,,,
,0,5,2,1,1,0,0,0,0,1,0,,,,,,,,,,,,,,,,,
,1,0,1,0,0,1,0,0,1,1,0,,,,,,,,,,,,,,,,,
,1,1,1,2,1,0,1,1,0,0,0,,,,,,,,,,,,,,,,,
,1,2,2,2,0,1,0,0,0,0,1,,,,,,,,,,,,,,,,,
,1,3,0,0,1,0,1,1,0,0,0,,,,,,,,,,,,,,,,,
,1,4,2,1,0,0,0,1,1,1,1,,,,,,,,,,,,,,,,,
,1,5,0,1,1,1,1,0,1,1,1,,,,,,,,,,,,,,,,,
,2,0,1,1,0,1,1,0,0,0,0,,,,,,,,,,,,,,,,,
,2,1,2,0,0,1,1,1,0,1,1,,,,,,,,,,,,,,,,,
,2,2,1,1,1,0,0,0,0,0,1,,,,,,,,,,,,,,,,,
,2,3,0,0,1,0,0,0,1,1,1,,,,,,,,,,,,,,,,,
,2,4,2,2,1,0,0,1,1,0,0,,,,,,,,,,,,,,,,,
,2,5,0,2,0,1,1,1,1,1,0,,,,,,,,,,,,,,,,,
,3,0,2,1,1,0,1,1,0,1,1,,,,,,,,,,,,,,,,,
,3,1,0,0,0,0,0,0,1,0,1,,,,,,,,,,,,,,,,,
,3,2,0,1,1,1,0,1,1,0,0,,,,,,,,,,,,,,,,,
,3,3,1,2,0,1,0,1,0,1,1,,,,,,,,,,,,,,,,,
,3,4,1,2,1,1,1,0,1,1,0,,,,,,,,,,,,,,,,,
,3,5,2,0,0,0,1,0,0,0,0,,,,,,,,,,,,,,,,,
,4,0,2,0,1,1,0,1,1,0,0,,,,,,,,,,,,,,,,,
,4,1,0,1,1,1,0,1,0,1,0,,,,,,,,,,,,,,,,,
,4,2,0,2,0,0,1,0,0,1,0,,,,,,,,,,,,,,,,,
,4,3,2,1,0,1,1,0,1,0,1,,,,,,,,,,,,,,,,,
,4,4,1,0,1,0,1,0,0,1,1,,,,,,,,,,,,,,,,,
,4,5,1,2,0,0,0,1,1,0,1,,,,,,,,,,,,,,,,,
,5,0,0,2,1,0,1,0,1,0,1,,,,,,,,,,,,,,,,,
,5,1,1,1,0,0,0,0,1,1,0,,,,,,,,,,,,,,,,,
,5,2,2,0,0,0,1,1,1,1,0,,,,,,,,,,,,,,,,,
,5,3,2,2,1,1,0,0,0,1,0,,,,,,,,,,,,,,,,,
,5,4,0,1,0,1,1,1,0,0,1,,,,,,,,,,,,,,,,,
,5,5,1,0,1,1,0,1,0,0,1,,,,,,,,,,,,,,,,,
31,0,0,1,1,2,0,1,0,1,1,,,,,,,,,,,,,,,,,,
,0,1,0,2,1,0,1,0,0,0,,,,,,,,,,,,,,,,,,
,0,2,2,1,0,1,0,0,1,0,,,,,,,,,,,,,,,,,,
,0,3,1,2,0,0,0,1,0,1,,,,,,,,,,,,,,,,,,
,0,4,0,0,1,1,0,1,1,1,,,,,,,,,,,,,,,,,,
,0,5,2,0,2,1,1,1,0,0,,,,,,,,,,,,,,,,,,
,1,0,1,2,2,1,1,0,0,0,,,,,,,,,,,,,,,,,,
,1,1,1,1,1,1,0,1,1,0,,,,,,,,,,,,,,,,,,
,1,2,0,1,1,1,1,1,0,1,,,,,,,,,,,,,,,,,,
,1,3,2,0,2,0,0,0,1,0,,,,,,,,,,,,,,,,,,
,1,4,2,0,0,0,1,0,0,1,,,,,,,,,,,,,,,,,,
,1,5,0,2,0,0,0,1,1,1,,,,,,,,,,,,,,,,,,
,2,0,0,0,0,1,1,0,1,1,,,,,,,,,,,,,,,,,,
,2,1,0,2,2,0,0,0,1,1,,,,,,,,,,,,,,,,,,
,2,2,1,0,1,0,1,1,1,0,,,,,,,,,,,,,,,,,,
,2,3,2,1,2,1,0,1,0,1,,,,,,,,,,,,,,,,,,
,2,4,2,2,1,1,0,0,0,0,,,,,,,,,,,,,,,,,,
,2,5,1,1,0,0,1,1,0,0,,,,,,,,,,,,,,,,,,
,3,0,0,0,0,1,0,1,0,0,,,,,,,,,,,,,,,,,,
,3,1,1,0,2,1,0,1,0,1,,,,,,,,,,,,,,,,,,
,3,2,2,2,2,0,1,1,1,1,,,,,,,,,,,,,,,,,,
,3,3,0,1,1,0,1,0,0,0,,,,,,,,,,,,,,,,,,
,3,4,1,1,0,0,0,0,1,0,,,,,,,,,,,,,,,,,,
,3,5,2,2,1,1,1,0,1,1,,,,,,,,,,,,,,,,,,
,4,0,2,2,1,0,0,1,0,0,,,,,,,,,,,,,,,,,,
,4,1,2,0,0,0,1,1,1,0,,,,,,,,,,,,,,,,,,
,4,2,1,2,0,1,0,0,0,1,,,,,,,,,,,,,,,,,,
,4,3,1,0,1,1,1,0,1,1,,,,,,,,,,,,,,,,,,
,4,4,0,1,2,0,1,1,0,1,,,,,,,,,,,,,,,,,,
,4,5,0,1,2,1,0,0,1,0,,,,,,,,,,,,,,,,,,
,5,0,2,1,1,0,0,1,1,1,,,,,,,,,,,,,,,,,,
,5,1,2,1,0,1,1,0,0,1,,,,,,,,,,,,,,,,,,
,5,2,0,0,2,0,0,0,0,0,,,,,,,,,,,,,,,,,,
,5,3,0,2,0,1,1,1,1,0,,,,,,,,,,,,,,,,,,
,5,4,1,2,2,1,1,1,1,0,,,,,,,,,,,,,,,,,,
,5,5,1,0,1,0,0,0,0,1,,,,,,,,,,,,,,,,,,
32,0,1,1,2,2,1,1,2,2,1,1,2,2,0,0,0,0,,,,,,,,,,,
,0,1,1,2,2,2,2,1,1,2,2,1,1,1,1,1,0,,,,,,,,,,,
,0,2,2,1,1,1,1,2,2,2,2,1,1,0,1,0,1,,,,,,,,,,,
,0,2,2,1,1,2,2,1,1,1,1,2,2,1,0,1,1,,,,,,,,,,,
,1,1,2,1,2,2,0,2,0,0,1,0,1,0,0,0,1,,,,,,,,,,,
,1,1,2,1,2,0,2,0,2,1,0,1,0,1,1,0,0,,,,,,,,,,,
,1,2,1,2,1,2,0,2,0,1,0,1,0,0,1,1,0,,,,,,,,,,,
,1,2,1,2,1,0,2,0,2,0,1,0,1,1,0,1,1,,,,,,,,,,,
,2,1,2,2,1,0,1,1,0,2,0,0,2,0,0,1,0,,,,,,,,,,,
,2,1,2,2,1,1,0,0,1,0,2,2,0,1,1,0,1,,,,,,,,,,,
,2,2,1,1,2,0,1,1,0,0,2,2,0,0,1,1,1,,,,,,,,,,,
,2,2,1,1,2,1,0,0,1,2,0,0,2,1,0,0,0,,,,,,,,,,,
,0,2,2,0,0,2,2,0,0,2,2,0,0,0,0,0,0,,,,,,,,,,,
,0,2,2,0,0,0,0,2,2,0,0,2,2,1,1,1,0,,,,,,,,,,,
,0,0,0,2,2,2,2,0,0,0,0,2,2,0,1,0,1,,,,,,,,,,,
,0,0,0,2,2,0,0,2,2,2,2,0,0,1,0,1,1,,,,,,,,,,,
,1,2,0,2,0,0,1,0,1,1,2,1,2,0,0,0,1,,,,,,,,,,,
,1,2,0,2,0,1,0,1,0,2,1,2,1,1,1,0,0,,,,,,,,,,,
,1,0,2,0,2,0,1,0,1,2,1,2,1,0,1,1,0,,,,,,,,,,,
,1,0,2,0,2,1,0,1,0,1,2,1,2,1,0,1,1,,,,,,,,,,,
,2,2,0,0,2,1,2,2,1,0,1,1,0,0,0,1,0,,,,,,,,,,,
,2,2,0,0,2,2,1,1,2,1,0,0,1,1,1,0,1,,,,,,,,,,,
,2,0,2,2,0,1,2,2,1,1,0,0,1,0,1,1,1,,,,,,,,,,,
,2,0,2,2,0,2,1,1,2,0,1,1,0,1,0,0,0,,,,,,,,,,,
,0,0,0,1,1,0,0,1,1,0,0,1,1,0,0,0,0,,,,,,,,,,,
,0,0,0,1,1,1,1,0,0,1,1,0,0,1,1,1,0,,,,,,,,,,,
,0,1,1,0,0,0,0,1,1,1,1,0,0,0,1,0,1,,,,,,,,,,,
,0,1,1,0,0,1,1,0,0,0,0,1,1,1,0,1,1,,,,,,,,,,,
,1,0,1,0,1,1,2,1,2,2,0,2,0,0,0,0,1,,,,,,,,,,,
,1,0,1,0,1,2,1,2,1,0,2,0,2,1,1,0,0,,,,,,,,,,,
,1,1,0,1,0,1,2,1,2,0,2,0,2,0,1,1,0,,,,,,,,,,,
,1,1,0,1,0,2,1,2,1,2,0,2,0,1,0,1,1,,,,,,,,,,,
,2,0,1,1,0,2,0,0,2,1,2,2,1,0,0,1,0,,,,,,,,,,,
,2,0,1,1,0,0,2,2,0,2,1,1,2,1,1,0,1,,,,,,,,,,,
,2,1,0,0,1,2,0,0,2,2,1,1,2,0,1,1,1,,,,,,,,,,,
,2,1,0,0,1,0,2,2,0,1,2,2,1,1,0,0,0,,,,,,,,,,,
33,0,0,0,2,0,2,0,1,1,0,,,,,,,,,,,,,,,,,,
,0,1,2,1,2,0,1,1,0,1,,,,,,,,,,,,,,,,,,
,0,2,0,2,0,1,0,0,0,1,,,,,,,,,,,,,,,,,,
,0,0,1,0,1,1,1,0,0,1,,,,,,,,,,,,,,,,,,
,0,1,2,1,1,2,1,1,1,0,,,,,,,,,,,,,,,,,,
,0,2,1,0,2,0,0,0,1,0,,,,,,,,,,,,,,,,,,
,1,0,1,2,2,0,1,1,1,1,,,,,,,,,,,,,,,,,,
,1,1,0,0,0,0,1,0,0,0,,,,,,,,,,,,,,,,,,
,1,2,2,2,2,1,1,0,1,0,,,,,,,,,,,,,,,,,,
,1,0,0,1,1,1,0,0,1,1,,,,,,,,,,,,,,,,,,
,1,1,1,0,0,2,0,1,0,1,,,,,,,,,,,,,,,,,,
,1,2,2,1,1,2,0,1,0,0,,,,,,,,,,,,,,,,,,
,2,0,1,1,2,1,0,1,0,0,,,,,,,,,,,,,,,,,,
,2,1,1,2,1,0,0,1,0,1,,,,,,,,,,,,,,,,,,
,2,2,2,0,0,0,0,0,1,0,,,,,,,,,,,,,,,,,,
,2,0,0,2,2,2,1,0,0,0,,,,,,,,,,,,,,,,,,
,2,1,2,1,0,1,1,0,1,1,,,,,,,,,,,,,,,,,,
,2,2,0,0,1,2,1,1,1,1,,,,,,,,,,,,,,,,,,
,3,0,1,1,0,2,1,0,1,1,,,,,,,,,,,,,,,,,,
,3,1,0,0,2,1,0,1,1,1,,,,,,,,,,,,,,,,,,
,3,2,2,2,0,1,1,1,0,1,,,,,,,,,,,,,,,,,,
,3,0,2,0,1,2,0,0,0,0,,,,,,,,,,,,,,,,,,
,3,1,0,1,2,0,0,0,0,0,,,,,,,,,,,,,,,,,,
,3,2,1,2,1,0,1,1,1,0,,,,,,,,,,,,,,,,,,
,4,0,2,0,0,0,0,1,1,1,,,,,,,,,,,,,,,,,,
,4,1,0,2,1,1,0,1,1,0,,,,,,,,,,,,,,,,,,
,4,2,1,1,2,2,0,0,1,1,,,,,,,,,,,,,,,,,,
,4,0,2,0,2,1,1,1,0,0,,,,,,,,,,,,,,,,,,
,4,1,1,2,0,2,1,0,0,0,,,,,,,,,,,,,,,,,,
,4,2,0,1,1,0,1,0,0,1,,,,,,,,,,,,,,,,,,
,5,0,0,1,0,0,1,1,1,0,,,,,,,,,,,,,,,,,,
,5,1,2,2,2,2,0,0,1,1,,,,,,,,,,,,,,,,,,
,5,2,0,0,2,2,1,1,0,1,,,,,,,,,,,,,,,,,,
,5,0,2,2,1,0,0,0,0,1,,,,,,,,,,,,,,,,,,
,5,1,1,0,1,1,1,0,1,0,,,,,,,,,,,,,,,,,,
,5,2,1,1,0,1,0,1,0,0,,,,,,,,,,,,,,,,,,
34,0,0,0,0,0,0,0,0,,,,,,,,,,,,,,,,,,,,
,1,1,0,1,0,0,0,1,,,,,,,,,,,,,,,,,,,,
,0,1,1,1,0,0,0,1,,,,,,,,,,,,,,,,,,,,
,1,0,1,0,0,0,0,0,,,,,,,,,,,,,,,,,,,,
,0,0,1,1,0,1,1,2,,,,,,,,,,,,,,,,,,,,
,1,1,1,0,0,1,1,3,,,,,,,,,,,,,,,,,,,,
,0,1,0,1,0,1,1,3,,,,,,,,,,,,,,,,,,,,
,1,0,0,0,0,1,1,2,,,,,,,,,,,,,,,,,,,,
,0,0,1,1,0,2,2,4,,,,,,,,,,,,,,,,,,,,
,1,1,0,0,0,2,2,5,,,,,,,,,,,,,,,,,,,,
,0,1,1,0,0,2,2,5,,,,,,,,,,,,,,,,,,,,
,1,0,0,1,0,2,2,4,,,,,,,,,,,,,,,,,,,,
,1,1,0,0,1,0,1,4,,,,,,,,,,,,,,,,,,,,
,0,1,0,1,1,0,1,5,,,,,,,,,,,,,,,,,,,,
,1,0,1,1,1,0,1,5,,,,,,,,,,,,,,,,,,,,
,0,0,1,0,1,0,1,4,,,,,,,,,,,,,,,,,,,,
,1,1,1,1,1,1,2,0,,,,,,,,,,,,,,,,,,,,
,0,1,1,0,1,1,2,1,,,,,,,,,,,,,,,,,,,,
,1,0,0,1,1,1,2,1,,,,,,,,,,,,,,,,,,,,
,0,0,0,0,1,1,2,0,,,,,,,,,,,,,,,,,,,,
,1,1,1,1,1,2,0,2,,,,,,,,,,,,,,,,,,,,
,0,1,0,0,1,2,0,3,,,,,,,,,,,,,,,,,,,,
,1,0,1,0,1,2,0,3,,,,,,,,,,,,,,,,,,,,
,0,0,0,1,1,2,0,2,,,,,,,,,,,,,,,,,,,,
,1,1,0,0,2,0,2,2,,,,,,,,,,,,,,,,,,,,
,1,0,0,1,2,0,2,3,,,,,,,,,,,,,,,,,,,,
,0,0,1,1,2,0,2,3,,,,,,,,,,,,,,,,,,,,
,0,1,1,0,2,0,2,2,,,,,,,,,,,,,,,,,,,,
,1,1,1,1,2,1,0,4,,,,,,,,,,,,,,,,,,,,
,1,0,1,0,2,1,0,5,,,,,,,,,,,,,,,,,,,,
,0,0,0,1,2,1,0,5,,,,,,,,,,,,,,,,,,,,
,0,1,0,0,2,1,0,4,,,,,,,,,,,,,,,,,,,,
,1,1,1,1,2,2,1,0,,,,,,,,,,,,,,,,,,,,
,1,0,0,0,2,2,1,1,,,,,,,,,,,,,,,,,,,,
,0,0,1,0,2,2,1,1,,,,,,,,,,,,,,,,,,,,
,0,1,0,1,2,2,1,0,,,,,,,,,,,,,,,,,,,,
35,0,0,5,0,1,0,1,0,,,,,,,,,,,,,,,,,,,,
,0,1,3,1,0,1,1,0,,,,,,,,,,,,,,,,,,,,
,0,2,4,0,0,1,0,1,,,,,,,,,,,,,,,,,,,,
,0,3,1,2,0,0,0,0,,,,,,,,,,,,,,,,,,,,
,0,4,2,2,1,1,1,1,,,,,,,,,,,,,,,,,,,,
,0,5,0,1,1,0,0,1,,,,,,,,,,,,,,,,,,,,
,1,0,3,2,1,1,0,1,,,,,,,,,,,,,,,,,,,,
,1,1,2,1,0,0,0,0,,,,,,,,,,,,,,,,,,,,
,1,2,1,2,0,1,1,0,,,,,,,,,,,,,,,,,,,,
,1,3,0,0,1,1,1,1,,,,,,,,,,,,,,,,,,,,
,1,4,4,1,1,0,1,1,,,,,,,,,,,,,,,,,,,,
,1,5,5,0,0,0,0,0,,,,,,,,,,,,,,,,,,,,
,2,0,0,0,0,1,1,0,,,,,,,,,,,,,,,,,,,,
,2,1,5,2,1,1,0,1,,,,,,,,,,,,,,,,,,,,
,2,2,2,1,1,0,1,0,,,,,,,,,,,,,,,,,,,,
,2,3,4,2,1,0,0,0,,,,,,,,,,,,,,,,,,,,
,2,4,3,0,0,0,0,1,,,,,,,,,,,,,,,,,,,,
,2,5,1,1,0,1,1,1,,,,,,,,,,,,,,,,,,,,
,3,0,2,2,0,0,0,1,,,,,,,,,,,,,,,,,,,,
,3,1,1,0,1,1,0,1,,,,,,,,,,,,,,,,,,,,
,3,2,3,0,1,0,1,0,,,,,,,,,,,,,,,,,,,,
,3,3,5,1,0,0,1,1,,,,,,,,,,,,,,,,,,,,
,3,4,0,1,0,1,0,0,,,,,,,,,,,,,,,,,,,,
,3,5,4,2,1,1,1,0,,,,,,,,,,,,,,,,,,,,
,4,0,1,1,1,0,1,1,,,,,,,,,,,,,,,,,,,,
,4,1,4,0,0,0,1,1,,,,,,,,,,,,,,,,,,,,
,4,2,0,2,0,0,0,1,,,,,,,,,,,,,,,,,,,,
,4,3,3,1,1,1,0,0,,,,,,,,,,,,,,,,,,,,
,4,4,5,2,0,1,1,0,,,,,,,,,,,,,,,,,,,,
,4,5,2,0,1,1,0,0,,,,,,,,,,,,,,,,,,,,
,5,0,4,1,0,1,0,0,,,,,,,,,,,,,,,,,,,,
,5,1,0,2,1,0,1,0,,,,,,,,,,,,,,,,,,,,
,5,2,5,1,1,1,0,1,,,,,,,,,,,,,,,,,,,,
,5,3,2,0,0,1,1,1,,,,,,,,,,,,,,,,,,,,
,5,4,1,0,1,0,0,0,,,,,,,,,,,,,,,,,,,,
,5,5,3,2,0,0,1,1,,,,,,,,,,,,,,,,,,,,
36,0,0,1,1,2,2,1,1,2,2,0,0,0,,,,,,,,,,,,,,,
,1,0,1,1,2,2,2,2,1,1,1,1,0,,,,,,,,,,,,,,,
,1,0,2,2,1,1,1,1,2,2,0,0,1,,,,,,,,,,,,,,,
,0,0,2,2,1,1,2,2,1,1,1,1,1,,,,,,,,,,,,,,,
,4,1,1,2,1,2,2,0,2,0,0,0,1,,,,,,,,,,,,,,,
,5,1,1,2,1,2,0,2,0,2,1,0,0,,,,,,,,,,,,,,,
,5,1,2,1,2,1,2,0,2,0,0,1,0,,,,,,,,,,,,,,,
,4,1,2,1,2,1,0,2,0,2,1,1,1,,,,,,,,,,,,,,,
,2,2,1,2,2,1,0,1,1,0,0,1,0,,,,,,,,,,,,,,,
,3,2,1,2,2,1,1,0,0,1,1,0,1,,,,,,,,,,,,,,,
,3,2,2,1,1,2,0,1,1,0,0,1,1,,,,,,,,,,,,,,,
,2,2,2,1,1,2,1,0,0,1,1,0,0,,,,,,,,,,,,,,,
,2,0,2,2,0,0,2,2,0,0,0,0,0,,,,,,,,,,,,,,,
,3,0,2,2,0,0,0,0,2,2,1,1,0,,,,,,,,,,,,,,,
,3,0,0,0,2,2,2,2,0,0,0,0,1,,,,,,,,,,,,,,,
,2,0,0,0,2,2,0,0,2,2,1,1,1,,,,,,,,,,,,,,,
,0,1,2,0,2,0,0,1,0,1,0,0,1,,,,,,,,,,,,,,,
,1,1,2,0,2,0,1,0,1,0,1,0,0,,,,,,,,,,,,,,,
,1,1,0,2,0,2,0,1,0,1,0,1,0,,,,,,,,,,,,,,,
,0,1,0,2,0,2,1,0,1,0,1,1,1,,,,,,,,,,,,,,,
,4,2,2,0,0,2,1,2,2,1,0,1,0,,,,,,,,,,,,,,,
,5,2,2,0,0,2,2,1,1,2,1,0,1,,,,,,,,,,,,,,,
,5,2,0,2,2,0,1,2,2,1,0,1,1,,,,,,,,,,,,,,,
,4,2,0,2,2,0,2,1,1,2,1,0,0,,,,,,,,,,,,,,,
,4,0,0,0,1,1,0,0,1,1,0,0,0,,,,,,,,,,,,,,,
,5,0,0,0,1,1,1,1,0,0,1,1,0,,,,,,,,,,,,,,,
,5,0,1,1,0,0,0,0,1,1,0,0,1,,,,,,,,,,,,,,,
,4,0,1,1,0,0,1,1,0,0,1,1,1,,,,,,,,,,,,,,,
,2,1,0,1,0,1,1,2,1,2,0,0,1,,,,,,,,,,,,,,,
,3,1,0,1,0,1,2,1,2,1,1,0,0,,,,,,,,,,,,,,,
,3,1,1,0,1,0,1,2,1,2,0,1,0,,,,,,,,,,,,,,,
,2,1,1,0,1,0,2,1,2,1,1,1,1,,,,,,,,,,,,,,,
,0,2,0,1,1,0,2,0,0,2,0,1,0,,,,,,,,,,,,,,,
,1,2,0,1,1,0,0,2,2,0,1,0,1,,,,,,,,,,,,,,,
,1,2,1,0,0,1,2,0,0,2,0,1,1,,,,,,,,,,,,,,,
,0,2,1,0,0,1,0,2,2,0,1,0,0,,,,,,,,,,,,,,,
37,0,0,1,2,2,0,1,0,0,0,,,,,,,,,,,,,,,,,,
,0,1,2,2,2,1,2,0,1,0,,,,,,,,,,,,,,,,,,
,0,2,1,1,1,2,2,1,1,1,,,,,,,,,,,,,,,,,,
,0,0,2,0,0,2,0,1,0,1,,,,,,,,,,,,,,,,,,
,0,1,0,0,1,1,1,1,0,1,,,,,,,,,,,,,,,,,,
,0,2,0,1,0,0,0,0,1,0,,,,,,,,,,,,,,,,,,
,1,0,1,0,0,1,1,1,1,0,,,,,,,,,,,,,,,,,,
,1,1,0,1,1,2,2,0,0,0,,,,,,,,,,,,,,,,,,
,1,2,2,0,2,0,1,0,1,1,,,,,,,,,,,,,,,,,,
,1,0,0,1,2,1,0,1,0,1,,,,,,,,,,,,,,,,,,
,1,1,2,2,1,0,0,1,0,0,,,,,,,,,,,,,,,,,,
,1,2,1,2,0,2,2,0,1,1,,,,,,,,,,,,,,,,,,
,2,0,0,2,2,0,2,1,1,0,,,,,,,,,,,,,,,,,,
,2,1,1,0,0,0,0,0,0,1,,,,,,,,,,,,,,,,,,
,2,2,0,0,1,1,2,0,0,1,,,,,,,,,,,,,,,,,,
,2,0,2,2,1,2,0,0,1,1,,,,,,,,,,,,,,,,,,
,2,1,2,1,0,1,1,1,1,0,,,,,,,,,,,,,,,,,,
,2,2,1,1,2,2,1,1,0,0,,,,,,,,,,,,,,,,,,
,3,0,2,1,1,2,1,0,0,0,,,,,,,,,,,,,,,,,,
,3,1,0,1,0,0,1,0,1,1,,,,,,,,,,,,,,,,,,
,3,2,1,0,1,0,0,1,1,0,,,,,,,,,,,,,,,,,,
,3,0,1,2,0,1,2,1,0,1,,,,,,,,,,,,,,,,,,
,3,1,0,2,2,2,0,1,1,1,,,,,,,,,,,,,,,,,,
,3,2,2,0,2,1,2,0,0,0,,,,,,,,,,,,,,,,,,
,4,0,0,0,1,0,2,1,1,0,,,,,,,,,,,,,,,,,,
,4,1,1,0,2,2,0,0,0,0,,,,,,,,,,,,,,,,,,
,4,2,0,2,0,2,1,1,0,0,,,,,,,,,,,,,,,,,,
,4,0,2,1,0,0,2,0,0,1,,,,,,,,,,,,,,,,,,
,4,1,1,2,1,1,1,0,1,1,,,,,,,,,,,,,,,,,,
,4,2,2,1,2,1,0,1,1,1,,,,,,,,,,,,,,,,,,
,5,0,0,0,2,2,1,0,1,1,,,,,,,,,,,,,,,,,,
,5,1,1,1,2,0,2,1,0,1,,,,,,,,,,,,,,,,,,
,5,2,0,2,0,1,0,0,0,0,,,,,,,,,,,,,,,,,,
,5,0,1,1,1,1,0,0,1,0,,,,,,,,,,,,,,,,,,
,5,1,2,0,0,2,2,1,1,0,,,,,,,,,,,,,,,,,,
,5,2,2,2,1,0,1,1,0,1,,,,,,,,,,,,,,,,,,
38,0,0,5,2,0,1,0,1,,,,,,,,,,,,,,,,,,,,
,0,1,0,0,1,1,1,0,,,,,,,,,,,,,,,,,,,,
,0,2,3,1,1,1,1,1,,,,,,,,,,,,,,,,,,,,
,0,3,2,0,0,0,0,0,,,,,,,,,,,,,,,,,,,,
,0,4,4,1,2,0,0,1,,,,,,,,,,,,,,,,,,,,
,0,5,1,2,2,0,1,0,,,,,,,,,,,,,,,,,,,,
,1,0,0,1,2,0,0,0,,,,,,,,,,,,,,,,,,,,
,1,1,5,1,0,1,1,0,,,,,,,,,,,,,,,,,,,,
,1,2,2,2,1,0,0,0,,,,,,,,,,,,,,,,,,,,
,1,3,1,2,0,1,1,1,,,,,,,,,,,,,,,,,,,,
,1,4,3,0,2,1,0,1,,,,,,,,,,,,,,,,,,,,
,1,5,4,0,1,0,1,1,,,,,,,,,,,,,,,,,,,,
,2,0,3,0,0,0,1,0,,,,,,,,,,,,,,,,,,,,
,2,1,1,0,1,0,0,1,,,,,,,,,,,,,,,,,,,,
,2,2,4,2,0,1,0,1,,,,,,,,,,,,,,,,,,,,
,2,3,5,1,2,0,1,1,,,,,,,,,,,,,,,,,,,,
,2,4,2,1,1,1,1,0,,,,,,,,,,,,,,,,,,,,
,2,5,0,2,2,1,0,0,,,,,,,,,,,,,,,,,,,,
,3,0,2,0,2,1,1,1,,,,,,,,,,,,,,,,,,,,
,3,1,4,1,0,0,0,0,,,,,,,,,,,,,,,,,,,,
,3,2,1,1,2,1,1,0,,,,,,,,,,,,,,,,,,,,
,3,3,3,2,1,0,0,0,,,,,,,,,,,,,,,,,,,,
,3,4,0,2,0,0,1,1,,,,,,,,,,,,,,,,,,,,
,3,5,5,0,1,1,0,1,,,,,,,,,,,,,,,,,,,,
,4,0,4,2,1,1,1,0,,,,,,,,,,,,,,,,,,,,
,4,1,3,2,2,0,1,1,,,,,,,,,,,,,,,,,,,,
,4,2,5,0,2,0,0,0,,,,,,,,,,,,,,,,,,,,
,4,3,0,1,1,1,0,1,,,,,,,,,,,,,,,,,,,,
,4,4,1,0,0,1,0,0,,,,,,,,,,,,,,,,,,,,
,4,5,2,1,0,0,1,1,,,,,,,,,,,,,,,,,,,,
,5,0,1,1,1,0,0,1,,,,,,,,,,,,,,,,,,,,
,5,1,2,2,2,1,0,1,,,,,,,,,,,,,,,,,,,,
,5,2,0,0,0,0,1,1,,,,,,,,,,,,,,,,,,,,
,5,3,4,0,2,1,1,0,,,,,,,,,,,,,,,,,,,,
,5,4,5,2,1,0,1,0,,,,,,,,,,,,,,,,,,,,
,5,5,3,1,0,1,0,0,,,,,,,,,,,,,,,,,,,,
39,0,1,1,2,2,1,1,2,2,1,1,2,2,0,0,,,,,,,,,,,,,
,0,1,1,2,2,2,2,1,1,2,2,1,1,1,1,,,,,,,,,,,,,
,1,2,2,1,1,1,1,2,2,2,2,1,1,0,1,,,,,,,,,,,,,
,1,2,2,1,1,2,2,1,1,1,1,2,2,1,0,,,,,,,,,,,,,
,2,1,2,1,2,2,0,2,0,0,1,0,1,0,0,,,,,,,,,,,,,
,2,1,2,1,2,0,2,0,2,1,0,1,0,1,1,,,,,,,,,,,,,
,3,2,1,2,1,2,0,2,0,1,0,1,0,0,1,,,,,,,,,,,,,
,3,2,1,2,1,0,2,0,2,0,1,0,1,1,0,,,,,,,,,,,,,
,4,1,2,2,1,0,1,1,0,2,0,0,2,0,0,,,,,,,,,,,,,
,4,1,2,2,1,1,0,0,1,0,2,2,0,1,1,,,,,,,,,,,,,
,5,2,1,1,2,0,1,1,0,0,2,2,0,0,1,,,,,,,,,,,,,
,5,2,1,1,2,1,0,0,1,2,0,0,2,1,0,,,,,,,,,,,,,
,0,2,2,0,0,2,2,0,0,2,2,0,0,0,0,,,,,,,,,,,,,
,0,2,2,0,0,0,0,2,2,0,0,2,2,1,1,,,,,,,,,,,,,
,1,0,0,2,2,2,2,0,0,0,0,2,2,0,1,,,,,,,,,,,,,
,1,0,0,2,2,0,0,2,2,2,2,0,0,1,0,,,,,,,,,,,,,
,2,2,0,2,0,0,1,0,1,1,2,1,2,0,0,,,,,,,,,,,,,
,2,2,0,2,0,1,0,1,0,2,1,2,1,1,1,,,,,,,,,,,,,
,3,0,2,0,2,0,1,0,1,2,1,2,1,0,1,,,,,,,,,,,,,
,3,0,2,0,2,1,0,1,0,1,2,1,2,1,0,,,,,,,,,,,,,
,4,2,0,0,2,1,2,2,1,0,1,1,0,0,0,,,,,,,,,,,,,
,4,2,0,0,2,2,1,1,2,1,0,0,1,1,1,,,,,,,,,,,,,
,5,0,2,2,0,1,2,2,1,1,0,0,1,0,1,,,,,,,,,,,,,
,5,0,2,2,0,2,1,1,2,0,1,1,0,1,0,,,,,,,,,,,,,
,0,0,0,1,1,0,0,1,1,0,0,1,1,0,0,,,,,,,,,,,,,
,0,0,0,1,1,1,1,0,0,1,1,0,0,1,1,,,,,,,,,,,,,
,1,1,1,0,0,0,0,1,1,1,1,0,0,0,1,,,,,,,,,,,,,
,1,1,1,0,0,1,1,0,0,0,0,1,1,1,0,,,,,,,,,,,,,
,2,0,1,0,1,1,2,1,2,2,0,2,0,0,0,,,,,,,,,,,,,
,2,0,1,0,1,2,1,2,1,0,2,0,2,1,1,,,,,,,,,,,,,
,3,1,0,1,0,1,2,1,2,0,2,0,2,0,1,,,,,,,,,,,,,
,3,1,0,1,0,2,1,2,1,2,0,2,0,1,0,,,,,,,,,,,,,
,4,0,1,1,0,2,0,0,2,1,2,2,1,0,0,,,,,,,,,,,,,
,4,0,1,1,0,0,2,2,0,2,1,1,2,1,1,,,,,,,,,,,,,
,5,1,0,0,1,2,0,0,2,2,1,1,2,0,1,,,,,,,,,,,,,
,5,1,0,0,1,0,2,2,0,1,2,2,1,1,0,,,,,,,,,,,,,
40,0,0,0,1,1,2,2,0,0,,,,,,,,,,,,,,,,,,,
,1,1,0,1,1,2,2,1,0,,,,,,,,,,,,,,,,,,,
,0,1,0,2,2,1,1,0,1,,,,,,,,,,,,,,,,,,,
,1,0,0,2,2,1,1,1,1,,,,,,,,,,,,,,,,,,,
,2,4,1,1,2,1,2,0,1,,,,,,,,,,,,,,,,,,,
,3,5,1,1,2,1,2,0,0,,,,,,,,,,,,,,,,,,,
,2,5,1,2,1,2,1,1,0,,,,,,,,,,,,,,,,,,,
,3,4,1,2,1,2,1,1,1,,,,,,,,,,,,,,,,,,,
,4,2,2,1,2,2,1,1,0,,,,,,,,,,,,,,,,,,,
,5,3,2,1,2,2,1,0,1,,,,,,,,,,,,,,,,,,,
,4,3,2,2,1,1,2,1,1,,,,,,,,,,,,,,,,,,,
,5,2,2,2,1,1,2,0,0,,,,,,,,,,,,,,,,,,,
,2,2,0,2,2,0,0,0,0,,,,,,,,,,,,,,,,,,,
,3,3,0,2,2,0,0,1,0,,,,,,,,,,,,,,,,,,,
,2,3,0,0,0,2,2,0,1,,,,,,,,,,,,,,,,,,,
,3,2,0,0,0,2,2,1,1,,,,,,,,,,,,,,,,,,,
,4,0,1,2,0,2,0,0,1,,,,,,,,,,,,,,,,,,,
,5,1,1,2,0,2,0,0,0,,,,,,,,,,,,,,,,,,,
,4,1,1,0,2,0,2,1,0,,,,,,,,,,,,,,,,,,,
,5,0,1,0,2,0,2,1,1,,,,,,,,,,,,,,,,,,,
,0,4,2,2,0,0,2,1,0,,,,,,,,,,,,,,,,,,,
,1,5,2,2,0,0,2,0,1,,,,,,,,,,,,,,,,,,,
,0,5,2,0,2,2,0,1,1,,,,,,,,,,,,,,,,,,,
,1,4,2,0,2,2,0,0,0,,,,,,,,,,,,,,,,,,,
,4,4,0,0,0,1,1,0,0,,,,,,,,,,,,,,,,,,,
,5,5,0,0,0,1,1,1,0,,,,,,,,,,,,,,,,,,,
,4,5,0,1,1,0,0,0,1,,,,,,,,,,,,,,,,,,,
,5,4,0,1,1,0,0,1,1,,,,,,,,,,,,,,,,,,,
,0,2,1,0,1,0,1,0,1,,,,,,,,,,,,,,,,,,,
,1,3,1,0,1,0,1,0,0,,,,,,,,,,,,,,,,,,,
,0,3,1,1,0,1,0,1,0,,,,,,,,,,,,,,,,,,,
,1,2,1,1,0,1,0,1,1,,,,,,,,,,,,,,,,,,,
,2,0,2,0,1,1,0,1,0,,,,,,,,,,,,,,,,,,,
,3,1,2,0,1,1,0,0,1,,,,,,,,,,,,,,,,,,,
,2,1,2,1,0,0,1,1,1,,,,,,,,,,,,,,,,,,,
,3,0,2,1,0,0,1,0,0,,,,,,,,,,,,,,,,,,,
41,0,0,0,0,0,0,,,,,,,,,,,,,,,,,,,,,,
,1,1,0,0,1,1,,,,,,,,,,,,,,,,,,,,,,
,0,1,0,0,0,1,,,,,,,,,,,,,,,,,,,,,,
,1,0,0,0,1,0,,,,,,,,,,,,,,,,,,,,,,
,0,0,0,1,2,2,,,,,,,,,,,,,,,,,,,,,,
,1,1,0,1,3,3,,,,,,,,,,,,,,,,,,,,,,
,0,1,0,1,2,3,,,,,,,,,,,,,,,,,,,,,,
,1,0,0,1,3,2,,,,,,,,,,,,,,,,,,,,,,
,0,0,0,2,4,4,,,,,,,,,,,,,,,,,,,,,,
,1,1,0,2,5,5,,,,,,,,,,,,,,,,,,,,,,
,0,1,0,2,4,5,,,,,,,,,,,,,,,,,,,,,,
,1,0,0,2,5,4,,,,,,,,,,,,,,,,,,,,,,
,1,1,1,1,0,4,,,,,,,,,,,,,,,,,,,,,,
,0,1,1,1,1,5,,,,,,,,,,,,,,,,,,,,,,
,1,0,1,1,0,5,,,,,,,,,,,,,,,,,,,,,,
,0,0,1,1,1,4,,,,,,,,,,,,,,,,,,,,,,
,1,1,1,2,2,0,,,,,,,,,,,,,,,,,,,,,,
,0,1,1,2,3,1,,,,,,,,,,,,,,,,,,,,,,
,1,0,1,2,2,1,,,,,,,,,,,,,,,,,,,,,,
,0,0,1,2,3,0,,,,,,,,,,,,,,,,,,,,,,
,1,1,1,0,4,2,,,,,,,,,,,,,,,,,,,,,,
,0,1,1,0,5,3,,,,,,,,,,,,,,,,,,,,,,
,1,0,1,0,4,3,,,,,,,,,,,,,,,,,,,,,,
,0,0,1,0,5,2,,,,,,,,,,,,,,,,,,,,,,
,1,1,2,2,0,2,,,,,,,,,,,,,,,,,,,,,,
,1,0,2,2,1,3,,,,,,,,,,,,,,,,,,,,,,
,0,0,2,2,0,3,,,,,,,,,,,,,,,,,,,,,,
,0,1,2,2,1,2,,,,,,,,,,,,,,,,,,,,,,
,1,1,2,0,2,4,,,,,,,,,,,,,,,,,,,,,,
,1,0,2,0,3,5,,,,,,,,,,,,,,,,,,,,,,
,0,0,2,0,2,5,,,,,,,,,,,,,,,,,,,,,,
,0,1,2,0,3,4,,,,,,,,,,,,,,,,,,,,,,
,1,1,2,1,4,0,,,,,,,,,,,,,,,,,,,,,,
,1,0,2,1,5,1,,,,,,,,,,,,,,,,,,,,,,
,0,0,2,1,4,1,,,,,,,,,,,,,,,,,,,,,,
,0,1,2,1,5,0,,,,,,,,,,,,,,,,,,,,,,
42,0,0,1,1,2,2,1,1,2,2,0,,,,,,,,,,,,,,,,,
,0,1,1,1,2,2,2,2,1,1,1,,,,,,,,,,,,,,,,,
,1,1,2,2,1,1,1,1,2,2,0,,,,,,,,,,,,,,,,,
,1,0,2,2,1,1,2,2,1,1,1,,,,,,,,,,,,,,,,,
,2,4,1,2,1,2,2,0,2,0,0,,,,,,,,,,,,,,,,,
,2,5,1,2,1,2,0,2,0,2,1,,,,,,,,,,,,,,,,,
,3,5,2,1,2,1,2,0,2,0,0,,,,,,,,,,,,,,,,,
,3,4,2,1,2,1,0,2,0,2,1,,,,,,,,,,,,,,,,,
,4,2,1,2,2,1,0,1,1,0,0,,,,,,,,,,,,,,,,,
,4,3,1,2,2,1,1,0,0,1,1,,,,,,,,,,,,,,,,,
,5,3,2,1,1,2,0,1,1,0,0,,,,,,,,,,,,,,,,,
,5,2,2,1,1,2,1,0,0,1,1,,,,,,,,,,,,,,,,,
,0,2,2,2,0,0,2,2,0,0,0,,,,,,,,,,,,,,,,,
,0,3,2,2,0,0,0,0,2,2,1,,,,,,,,,,,,,,,,,
,1,3,0,0,2,2,2,2,0,0,0,,,,,,,,,,,,,,,,,
,1,2,0,0,2,2,0,0,2,2,1,,,,,,,,,,,,,,,,,
,2,0,2,0,2,0,0,1,0,1,0,,,,,,,,,,,,,,,,,
,2,1,2,0,2,0,1,0,1,0,1,,,,,,,,,,,,,,,,,
,3,1,0,2,0,2,0,1,0,1,0,,,,,,,,,,,,,,,,,
,3,0,0,2,0,2,1,0,1,0,1,,,,,,,,,,,,,,,,,
,4,4,2,0,0,2,1,2,2,1,0,,,,,,,,,,,,,,,,,
,4,5,2,0,0,2,2,1,1,2,1,,,,,,,,,,,,,,,,,
,5,5,0,2,2,0,1,2,2,1,0,,,,,,,,,,,,,,,,,
,5,4,0,2,2,0,2,1,1,2,1,,,,,,,,,,,,,,,,,
,0,4,0,0,1,1,0,0,1,1,0,,,,,,,,,,,,,,,,,
,0,5,0,0,1,1,1,1,0,0,1,,,,,,,,,,,,,,,,,
,1,5,1,1,0,0,0,0,1,1,0,,,,,,,,,,,,,,,,,
,1,4,1,1,0,0,1,1,0,0,1,,,,,,,,,,,,,,,,,
,2,2,0,1,0,1,1,2,1,2,0,,,,,,,,,,,,,,,,,
,2,3,0,1,0,1,2,1,2,1,1,,,,,,,,,,,,,,,,,
,3,3,1,0,1,0,1,2,1,2,0,,,,,,,,,,,,,,,,,
,3,2,1,0,1,0,2,1,2,1,1,,,,,,,,,,,,,,,,,
,4,0,0,1,1,0,2,0,0,2,0,,,,,,,,,,,,,,,,,
,4,1,0,1,1,0,0,2,2,0,1,,,,,,,,,,,,,,,,,
,5,1,1,0,0,1,2,0,0,2,0,,,,,,,,,,,,,,,,,
,5,0,1,0,0,1,0,2,2,0,1,,,,,,,,,,,,,,,,,
43,0,0,5,0,0,0,0,,,,,,,,,,,,,,,,,,,,,
,0,1,2,2,1,1,1,,,,,,,,,,,,,,,,,,,,,
,0,2,1,2,2,2,0,,,,,,,,,,,,,,,,,,,,,
,0,3,0,1,1,0,1,,,,,,,,,,,,,,,,,,,,,
,0,4,3,1,0,2,1,,,,,,,,,,,,,,,,,,,,,
,0,5,4,0,2,1,0,,,,,,,,,,,,,,,,,,,,,
,1,0,4,1,1,2,0,,,,,,,,,,,,,,,,,,,,,
,1,1,0,2,2,0,0,,,,,,,,,,,,,,,,,,,,,
,1,2,2,0,0,2,1,,,,,,,,,,,,,,,,,,,,,
,1,3,5,1,2,1,1,,,,,,,,,,,,,,,,,,,,,
,1,4,1,0,1,0,1,,,,,,,,,,,,,,,,,,,,,
,1,5,3,2,0,1,0,,,,,,,,,,,,,,,,,,,,,
,2,0,3,2,2,0,1,,,,,,,,,,,,,,,,,,,,,
,2,1,4,1,1,2,0,,,,,,,,,,,,,,,,,,,,,
,2,2,5,1,2,1,1,,,,,,,,,,,,,,,,,,,,,
,2,3,2,0,0,2,0,,,,,,,,,,,,,,,,,,,,,
,2,4,0,2,0,1,0,,,,,,,,,,,,,,,,,,,,,
,2,5,1,0,1,0,1,,,,,,,,,,,,,,,,,,,,,
,3,0,0,0,2,2,1,,,,,,,,,,,,,,,,,,,,,
,3,1,1,1,0,1,1,,,,,,,,,,,,,,,,,,,,,
,3,2,4,2,0,0,1,,,,,,,,,,,,,,,,,,,,,
,3,3,3,0,1,1,0,,,,,,,,,,,,,,,,,,,,,
,3,4,5,2,1,2,0,,,,,,,,,,,,,,,,,,,,,
,3,5,2,1,2,0,0,,,,,,,,,,,,,,,,,,,,,
,4,0,2,2,1,1,1,,,,,,,,,,,,,,,,,,,,,
,4,1,5,0,0,0,0,,,,,,,,,,,,,,,,,,,,,
,4,2,3,1,1,0,0,,,,,,,,,,,,,,,,,,,,,
,4,3,1,2,2,2,0,,,,,,,,,,,,,,,,,,,,,
,4,4,4,0,2,1,1,,,,,,,,,,,,,,,,,,,,,
,4,5,0,1,0,2,1,,,,,,,,,,,,,,,,,,,,,
,5,0,1,1,0,1,0,,,,,,,,,,,,,,,,,,,,,
,5,1,3,0,2,2,1,,,,,,,,,,,,,,,,,,,,,
,5,2,0,0,1,1,0,,,,,,,,,,,,,,,,,,,,,
,5,3,4,2,0,0,1,,,,,,,,,,,,,,,,,,,,,
,5,4,2,1,2,0,0,,,,,,,,,,,,,,,,,,,,,
,5,5,5,2,1,2,1,,,,,,,,,,,,,,,,,,,,,
44,1,0,0,0,0,,,,,,,,,,,,,,,,,,,,,,,
,4,1,1,0,0,,,,,,,,,,,,,,,,,,,,,,,
,2,0,1,0,1,,,,,,,,,,,,,,,,,,,,,,,
,3,1,0,0,1,,,,,,,,,,,,,,,,,,,,,,,
,1,2,4,1,1,,,,,,,,,,,,,,,,,,,,,,,
,2,3,5,1,0,,,,,,,,,,,,,,,,,,,,,,,
,4,2,5,1,0,,,,,,,,,,,,,,,,,,,,,,,
,3,3,4,1,1,,,,,,,,,,,,,,,,,,,,,,,
,3,4,2,2,0,,,,,,,,,,,,,,,,,,,,,,,
,2,5,3,2,1,,,,,,,,,,,,,,,,,,,,,,,
,4,4,3,2,1,,,,,,,,,,,,,,,,,,,,,,,
,1,5,2,2,0,,,,,,,,,,,,,,,,,,,,,,,
,2,2,2,0,0,,,,,,,,,,,,,,,,,,,,,,,
,5,3,3,0,0,,,,,,,,,,,,,,,,,,,,,,,
,0,2,3,0,1,,,,,,,,,,,,,,,,,,,,,,,
,4,3,2,0,1,,,,,,,,,,,,,,,,,,,,,,,
,2,4,0,1,1,,,,,,,,,,,,,,,,,,,,,,,
,0,5,1,1,0,,,,,,,,,,,,,,,,,,,,,,,
,5,4,1,1,0,,,,,,,,,,,,,,,,,,,,,,,
,4,5,0,1,1,,,,,,,,,,,,,,,,,,,,,,,
,4,0,4,2,0,,,,,,,,,,,,,,,,,,,,,,,
,0,1,5,2,1,,,,,,,,,,,,,,,,,,,,,,,
,5,0,5,2,1,,,,,,,,,,,,,,,,,,,,,,,
,2,1,4,2,0,,,,,,,,,,,,,,,,,,,,,,,
,0,4,4,0,0,,,,,,,,,,,,,,,,,,,,,,,
,3,5,5,0,0,,,,,,,,,,,,,,,,,,,,,,,
,1,4,5,0,1,,,,,,,,,,,,,,,,,,,,,,,
,5,5,4,0,1,,,,,,,,,,,,,,,,,,,,,,,
,0,0,2,1,1,,,,,,,,,,,,,,,,,,,,,,,
,1,1,3,1,0,,,,,,,,,,,,,,,,,,,,,,,
,3,0,3,1,0,,,,,,,,,,,,,,,,,,,,,,,
,5,1,2,1,1,,,,,,,,,,,,,,,,,,,,,,,
,5,2,0,2,0,,,,,,,,,,,,,,,,,,,,,,,
,1,3,1,2,1,,,,,,,,,,,,,,,,,,,,,,,
,3,2,1,2,1,,,,,,,,,,,,,,,,,,,,,,,
,0,3,0,2,0,,,,,,,,,,,,,,,,,,,,,,,
45,0,0,1,1,,,,,,,,,,,,,,,,,,,,,,,,
,0,1,3,0,,,,,,,,,,,,,,,,,,,,,,,,
,0,2,0,1,,,,,,,,,,,,,,,,,,,,,,,,
,0,3,4,0,,,,,,,,,,,,,,,,,,,,,,,,
,0,4,5,1,,,,,,,,,,,,,,,,,,,,,,,,
,0,5,2,0,,,,,,,,,,,,,,,,,,,,,,,,
,1,0,3,0,,,,,,,,,,,,,,,,,,,,,,,,
,1,1,0,1,,,,,,,,,,,,,,,,,,,,,,,,
,1,2,1,0,,,,,,,,,,,,,,,,,,,,,,,,
,1,3,5,1,,,,,,,,,,,,,,,,,,,,,,,,
,1,4,2,1,,,,,,,,,,,,,,,,,,,,,,,,
,1,5,4,0,,,,,,,,,,,,,,,,,,,,,,,,
,2,0,4,1,,,,,,,,,,,,,,,,,,,,,,,,
,2,1,5,0,,,,,,,,,,,,,,,,,,,,,,,,
,2,2,2,1,,,,,,,,,,,,,,,,,,,,,,,,
,2,3,1,0,,,,,,,,,,,,,,,,,,,,,,,,
,2,4,3,0,,,,,,,,,,,,,,,,,,,,,,,,
,2,5,0,1,,,,,,,,,,,,,,,,,,,,,,,,
,3,0,2,0,,,,,,,,,,,,,,,,,,,,,,,,
,3,1,1,1,,,,,,,,,,,,,,,,,,,,,,,,
,3,2,3,1,,,,,,,,,,,,,,,,,,,,,,,,
,3,3,0,0,,,,,,,,,,,,,,,,,,,,,,,,
,3,4,4,1,,,,,,,,,,,,,,,,,,,,,,,,
,3,5,5,0,,,,,,,,,,,,,,,,,,,,,,,,
,4,0,0,0,,,,,,,,,,,,,,,,,,,,,,,,
,4,1,4,1,,,,,,,,,,,,,,,,,,,,,,,,
,4,2,5,0,,,,,,,,,,,,,,,,,,,,,,,,
,4,3,2,1,,,,,,,,,,,,,,,,,,,,,,,,
,4,4,1,0,,,,,,,,,,,,,,,,,,,,,,,,
,4,5,3,1,,,,,,,,,,,,,,,,,,,,,,,,
,5,0,5,1,,,,,,,,,,,,,,,,,,,,,,,,
,5,1,2,0,,,,,,,,,,,,,,,,,,,,,,,,
,5,2,4,0,,,,,,,,,,,,,,,,,,,,,,,,
,5,3,3,1,,,,,,,,,,,,,,,,,,,,,,,,
,5,4,0,0,,,,,,,,,,,,,,,,,,,,,,,,
,5,5,1,1,,,,,,,,,,,,,,,,,,,,,,,,
46,1,1,2,2,1,1,2,2,1,1,2,2,0,,,,,,,,,,,,,,,
,1,1,2,2,2,2,1,1,2,2,1,1,1,,,,,,,,,,,,,,,
,2,2,1,1,1,1,2,2,2,2,1,1,2,,,,,,,,,,,,,,,
,2,2,1,1,2,2,1,1,1,1,2,2,3,,,,,,,,,,,,,,,
,1,2,1,2,2,0,2,0,0,1,0,1,4,,,,,,,,,,,,,,,
,1,2,1,2,0,2,0,2,1,0,1,0,5,,,,,,,,,,,,,,,
,2,1,2,1,2,0,2,0,1,0,1,0,6,,,,,,,,,,,,,,,
,2,1,2,1,0,2,0,2,0,1,0,1,7,,,,,,,,,,,,,,,
,1,2,2,1,0,1,1,0,2,0,0,2,8,,,,,,,,,,,,,,,
,1,2,2,1,1,0,0,1,0,2,2,0,9,,,,,,,,,,,,,,,
,2,1,1,2,0,1,1,0,0,2,2,0,10,,,,,,,,,,,,,,,
,2,1,1,2,1,0,0,1,2,0,0,2,11,,,,,,,,,,,,,,,
,2,2,0,0,2,2,0,0,2,2,0,0,0,,,,,,,,,,,,,,,
,2,2,0,0,0,0,2,2,0,0,2,2,1,,,,,,,,,,,,,,,
,0,0,2,2,2,2,0,0,0,0,2,2,2,,,,,,,,,,,,,,,
,0,0,2,2,0,0,2,2,2,2,0,0,3,,,,,,,,,,,,,,,
,2,0,2,0,0,1,0,1,1,2,1,2,4,,,,,,,,,,,,,,,
,2,0,2,0,1,0,1,0,2,1,2,1,5,,,,,,,,,,,,,,,
,0,2,0,2,0,1,0,1,2,1,2,1,6,,,,,,,,,,,,,,,
,0,2,0,2,1,0,1,0,1,2,1,2,7,,,,,,,,,,,,,,,
,2,0,0,2,1,2,2,1,0,1,1,0,8,,,,,,,,,,,,,,,
,2,0,0,2,2,1,1,2,1,0,0,1,9,,,,,,,,,,,,,,,
,0,2,2,0,1,2,2,1,1,0,0,1,10,,,,,,,,,,,,,,,
,0,2,2,0,2,1,1,2,0,1,1,0,11,,,,,,,,,,,,,,,
,0,0,1,1,0,0,1,1,0,0,1,1,0,,,,,,,,,,,,,,,
,0,0,1,1,1,1,0,0,1,1,0,0,1,,,,,,,,,,,,,,,
,1,1,0,0,0,0,1,1,1,1,0,0,2,,,,,,,,,,,,,,,
,1,1,0,0,1,1,0,0,0,0,1,1,3,,,,,,,,,,,,,,,
,0,1,0,1,1,2,1,2,2,0,2,0,4,,,,,,,,,,,,,,,
,0,1,0,1,2,1,2,1,0,2,0,2,5,,,,,,,,,,,,,,,
,1,0,1,0,1,2,1,2,0,2,0,2,6,,,,,,,,,,,,,,,
,1,0,1,0,2,1,2,1,2,0,2,0,7,,,,,,,,,,,,,,,
,0,1,1,0,2,0,0,2,1,2,2,1,8,,,,,,,,,,,,,,,
,0,1,1,0,0,2,2,0,2,1,1,2,9,,,,,,,,,,,,,,,
,1,0,0,1,2,0,0,2,2,1,1,2,10,,,,,,,,,,,,,,,
,1,0,0,1,0,2,2,0,1,2,2,1,11,,,,,,,,,,,,,,,
47,0,0,0,0,0,0,0,0,0,0,,,,,,,,,,,,,,,,,,
,0,1,1,0,0,1,1,1,1,1,,,,,,,,,,,,,,,,,,
,0,2,2,1,1,0,0,2,1,1,,,,,,,,,,,,,,,,,,
,0,3,3,2,2,1,1,0,2,2,,,,,,,,,,,,,,,,,,
,0,4,4,2,2,2,2,2,0,0,,,,,,,,,,,,,,,,,,
,0,5,5,1,1,2,2,1,2,2,,,,,,,,,,,,,,,,,,
,1,0,1,2,1,0,1,2,2,2,,,,,,,,,,,,,,,,,,
,1,1,2,0,1,2,2,0,0,2,,,,,,,,,,,,,,,,,,
,1,2,0,2,2,2,1,1,0,1,,,,,,,,,,,,,,,,,,
,1,3,5,0,0,1,2,2,1,0,,,,,,,,,,,,,,,,,,
,1,4,3,1,0,0,0,1,2,0,,,,,,,,,,,,,,,,,,
,1,5,4,1,2,1,0,0,1,1,,,,,,,,,,,,,,,,,,
,2,0,2,2,2,1,2,1,1,0,,,,,,,,,,,,,,,,,,
,2,1,0,1,2,1,0,2,2,2,,,,,,,,,,,,,,,,,,
,2,2,1,1,0,2,2,0,2,0,,,,,,,,,,,,,,,,,,
,2,3,4,0,1,0,0,1,0,2,,,,,,,,,,,,,,,,,,
,2,4,5,2,1,0,1,0,1,1,,,,,,,,,,,,,,,,,,
,2,5,3,0,0,2,1,2,0,1,,,,,,,,,,,,,,,,,,
,3,0,3,1,1,1,2,0,0,1,,,,,,,,,,,,,,,,,,
,3,1,4,2,0,0,2,1,2,1,,,,,,,,,,,,,,,,,,
,3,2,5,2,0,1,0,2,0,2,,,,,,,,,,,,,,,,,,
,3,3,0,1,1,2,1,1,1,0,,,,,,,,,,,,,,,,,,
,3,4,1,0,2,2,0,0,1,2,,,,,,,,,,,,,,,,,,
,3,5,2,0,2,0,1,2,2,0,,,,,,,,,,,,,,,,,,
,4,0,4,1,0,2,1,2,1,2,,,,,,,,,,,,,,,,,,
,4,1,5,1,2,0,1,0,0,0,,,,,,,,,,,,,,,,,,
,4,2,3,0,2,0,2,1,1,2,,,,,,,,,,,,,,,,,,
,4,3,2,2,0,2,0,0,2,1,,,,,,,,,,,,,,,,,,
,4,4,0,0,1,1,2,2,2,1,,,,,,,,,,,,,,,,,,
,4,5,1,2,1,1,0,1,0,0,,,,,,,,,,,,,,,,,,
,5,0,5,0,2,2,0,1,2,1,,,,,,,,,,,,,,,,,,
,5,1,3,2,1,2,0,2,1,0,,,,,,,,,,,,,,,,,,
,5,2,4,0,1,1,1,0,2,0,,,,,,,,,,,,,,,,,,
,5,3,1,1,2,0,2,2,0,1,,,,,,,,,,,,,,,,,,
,5,4,2,1,0,1,1,1,0,2,,,,,,,,,,,,,,,,,,
,5,5,0,2,0,0,2,0,1,2,,,,,,,,,,,,,,,,,,